타임스탬프,1. 종합비타민 등 영양제를 섭취한 경험이 있습니까?,1-1. 섭취하신 영양제 종류를 모두 골라주세요.,2. 종합비타민 등 영양제를 구매한 경험이 있습니까?,"3. 비타민B군 영양제를 섭취한 경험이 있습니까? (아로나민골드, 비맥스메타, 엑세라민비, 임팩타민, 벤포벨 등)",4. 비타민B군 영양제를 구매한 경험이 있습니까?,5. 어떤 상황에서 특히 건강을 잘 챙겨야겠다고 느끼십니까? (답변 필수는 아니지만 연구에 많은 도움이 됩니다.),6. 어떤 상황에서 특히 피로하다고 느끼십니까? (답변 필수는 아니지만 연구에 많은 도움이 됩니다.),1. 향후 비타민B군 영양제를 구매할 의향이 있으십니까?,1-1. 구매할 의향이 있다면 그 이유는 무엇입니까? (중복체크),1-2. 구매할 의향이 없다면 그 이유는 무엇입니까? (중복체크),2. 아로나민골드/아로나민골드프리미엄에 대해 알고 계십니까?,3. 아로나민골드/아로나민골드프리미엄 제품을 구매한 경험이 있습니까?,4. 향후 아로나민골드/아로나민골드프리미엄을 구매할 의향이 있으십니까?,5. 비맥스메타/비맥스액티브/엑세라민비/임팩타민프리미엄/벤포벨 제품을 구매한 경험이 있습니까?,"6. 비타민B군 영양제를 섭취한 경험이 있는 경우, 효과가 있다고 느끼셨습니까?","7. 비타민B군 영양제를 섭취한 경험이 있는 경우, 부작용이 있으셨습니까? (있는 경우 증상을 기타에 적어주세요)",1. 나는 비타민B군 영양제에 관심이 있다,2. 나에게 비타민B군 영양제는 중요하다,3. 나에게 비타민B군 영양제는 가치가 있다,4. 나에게 비타민B군 영양제는 유용하다,5. 내가 비타민B군 영양제를 섭취했다면 해당 영양제는 (누가) 구매했을 것이다,6. 내가 비타민B군 영양제를 구매한다면 (누가) 섭취하는 것으로 상정하고 구매할 것이다,1. 비타민 등을 구매할 때 중요하게 고려하는 사항은 무엇입니까? (중복허용),2. 비타민B군 영양제의 가격은 제품을 섭취/구매하는 데 있어 중요하게 작용한다,3. 비타민B군 영양제의 적정 가격 수준은 얼마라고 생각하십니까?,4. 비타민B군 영양제의 성분 및 함량은 제품을 섭취/구매하는 데 있어 중요하게 작용한다,5. 비타민B군 영양제의 브랜드 인지도 및 이미지는 제품을 섭취/구매하는 데 있어 중요하게 작용한다,6. 비타민B군 영양제를 약국에서만 구매할 수 있는 경우 구매할 의향이 있다 (온라인몰 등 불가),7. 비타민B군 영양제를 해외직구로 구매할 수 있는 경우 구매할 의향이 있다 ,1. 평소 일상적으로 사용하시는 항목을 모두 골라주세요,2. 평소 원하는 정보를 얻기 위해서 사용하시는 정보원을 모두 골라주세요,3. 나는 평소 제품을 구매할 때 제품의 특징을 면밀히 살펴보고 구매한다,4. 나는 평소 제품을 구매할 때 다른 제품과 비교해보고 구매한다,1. 나는 건강에 대해 관심이 많다,2. 나는 식사와 영양에 관심이 많다,3. 나는 식품을 구매할 때 포장지 뒷면의 영양성분표시 부분을 확인한다,4. 평소 운동을 얼마나 자주 하십니까? (30분 이상 숨 차는 강도),5. 본인이 건강을 위해 중요하다고 생각하고 실천 중인 건강관리 방법은 무엇입니까?,1. 나는 건강하다고 생각한다,2. 하루 평균 수면시간은 어떻게 되십니까?,3. 음주를 얼마나 자주 하십니까?,4. 커피를 얼마나 자주 마십니까?,5. 담배를 피우십니까?,5-1. 하루 평균 흡연량이 얼마나 되십니까?,"6. 현재 앓고 있는 질병이 있거나, 과거에 질병을 앓은 적이 있습니까?",1. 본인의 성별은?,2. 본인의 나이는?,3. 결혼 여부,4. 가구 수,5. 최종학력,6. 직업,7. 소득 수준 (주부의 경우 가구 소득 수준),
2022/06/07 2:57:19 오후 GMT+9,예 (1-1번으로 이동),비타민C;오메가3,예,아니오,아니오,평소에 보이지 않던 증상이 일주일이상 지속될때,하루 잠 6시간 이상 못잘 때,잘 모르겠음 (2번으로 이동),,,아니오,아니오,아니오,아니오,아니오,아니오,2,2,2,2,3,4,주변의 효과와 경험담 소개;제조사(상표) 신뢰도;원하는 성분과 그 함량;적정 가격,4,2~3만원 미만,5,4,3,2,유튜브;인스타그램;페이스북;TV시청;신문/뉴스포털,"유튜브;인스타그램;페이스북;포털사이트 (구글, 네이버, 다음 등);지인",5,4,4,3,4,주 1~2회,규칙적인 운동,4,6~8시간,한달에 1~2회,하루에 1잔,아니오 (6번으로 이동),,없다,남자,20대,미혼,3~5인 가구,대학교 졸업,학생,월 100만원 미만,
2022/06/07 2:57:49 오후 GMT+9,예 (1-1번으로 이동),"종합비타민;비타민C;비타민B;무기질 (마그네슘, 칼슘, 철분 등);오메가3;유산균;루테인, 지아잔틴 등 (눈 건강)",아니오,예,아니오,체력이 떨어짐을 느낄 때,특별한 상황이라기 보다 언제나,잘 모르겠음 (2번으로 이동),,,예,아니오,아니오,아니오,아니오,아니오,3,2,2,2,5,2,"주변의 효과와 경험담 소개;제품의 형태(알약, 분말, 액상, 발포형)",4,3~4만원 미만,2,4,1,3,유튜브;인스타그램;페이스북;TV시청,"유튜브;인스타그램;페이스북;포털사이트 (구글, 네이버, 다음 등);신문/뉴스포털",3,4,2,3,3,주 1~2회,규칙적인 운동,4,6~8시간,한달에 3~4회,하루에 1잔,아니오 (6번으로 이동),,없다,여자,20대,미혼,3~5인 가구,대학원,학생,소득 없음,
2022/06/07 2:59:05 오후 GMT+9,예 (1-1번으로 이동),"종합비타민;비타민C;비타민D;유산균;루테인, 지아잔틴 등 (눈 건강)",예,예,예,"체력이 예전같지 않을 때, 눈이 침침해짐을 느낄 때 ㅠ, 건강을 위해 뭐라도 해야할거 같은데 운동할 시간 없을 때",일어났을 때,예 (1-1번으로 이동),피로회복을 위해;건강 유지를 위해,,예,아니오,아니오,아니오,아니오,아니오,4,4,4,4,4,4,제조사(상표) 신뢰도,4,2~3만원 미만,4,4,4,1,인스타그램;페이스북,"포털사이트 (구글, 네이버, 다음 등)",4,5,4,5,5,거의 안한다,"좋은 식습관;규칙적인 생활;비타민, 무기질 등 영양제 섭취",3,5~6시간,한달에 1~2회,하루에 1잔,아니오 (6번으로 이동),,없다,여자,20대,미혼,3~5인 가구,대학교 졸업,사무직,월 300~400만원 미만,
2022/06/07 2:59:16 오후 GMT+9,예 (1-1번으로 이동),"종합비타민;비타민C;비타민D;비타민B;무기질 (마그네슘, 칼슘, 철분 등);오메가3;유산균;루테인, 지아잔틴 등 (눈 건강);밀크씨슬, 우루사 등 (간 건강)",예,예,예,,,예 (1-1번으로 이동),피로회복을 위해;일상의 활력 충전을 위해,,예,아니오,아니오,아니오,예,아니오,4,4,4,4,5,2,적정 가격,5,2~3만원 미만,3,2,3,2,유튜브;인스타그램;네이버카페,"포털사이트 (구글, 네이버, 다음 등)",4,5,4,4,5,주 1~2회,"규칙적인 운동;좋은 식습관;비타민, 무기질 등 영양제 섭취",2,5~6시간,전혀 마시지 않는다,하루에 1잔,아니오 (6번으로 이동),,있다,남자,20대,미혼,3~5인 가구,대학원,학생,월 100~200만원 미만,
2022/06/07 3:00:13 오후 GMT+9,예 (1-1번으로 이동),"종합비타민;비타민C;비타민D;비타민B;무기질 (마그네슘, 칼슘, 철분 등);오메가3;유산균;루테인, 지아잔틴 등 (눈 건강);밀크씨슬, 우루사 등 (간 건강)",예,예,예,수술 후,기초적인 운동을 할 시간조차 없어서 무기력 할 때,예 (1-1번으로 이동),피로회복을 위해;질병의 예방 및 치료를 위해;일상의 활력 충전을 위해;건강 유지를 위해,,예,예,예,예,예,아니오,4,3,4,3,4,2,"주변의 효과와 경험담 소개;제조사(상표) 신뢰도;제품의 표지 등에 표시된 제품 정보;원하는 성분과 그 함량;적정 가격;제품의 형태(알약, 분말, 액상, 발포형);판매처(온라인, 약국, 건강기능식품 매장, 해외직구 등)",3,1~2만원 미만,3,5,5,1,유튜브;네이버카페;TV시청;라디오 청취;신문/뉴스포털,"포털사이트 (구글, 네이버, 다음 등);지식인;TV시청;라디오 청취;신문/뉴스포털;지인",5,5,5,5,5,매일한다,규칙적인 운동;좋은 식습관;규칙적인 생활,4,6~8시간,한달에 3~4회,일주일에 1~3잔,아니오 (6번으로 이동),,있다,남자,20대,미혼,3~5인 가구,대학교 졸업,학생,,
2022/06/07 3:00:56 오후 GMT+9,예 (1-1번으로 이동),비타민C;비타민D;비타민B,예,예,예,부모님이 나이가 들어간다는 사실이 느껴질 때,잠을 많이 못 잤을 때,예 (1-1번으로 이동),피로회복을 위해;질병의 예방 및 치료를 위해;건강 유지를 위해,,예,아니오,아니오,예,예,아니오,4,4,4,4,4,4,원하는 성분과 그 함량,1,3~4만원 미만,4,1,4,1,유튜브,유튜브;TV시청;신문/뉴스포털,4,4,4,4,5,주 3~5회,규칙적인 운동;좋은 식습관;규칙적인 생활,4,5~6시간,한달에 1~2회,하루에 2잔 이상,아니오 (6번으로 이동),5개비 미만,없다,남자,20대,미혼,3~5인 가구,대학교 재학,전문직,소득 없음,
2022/06/07 3:00:59 오후 GMT+9,예 (1-1번으로 이동),비타민C,예,아니오,아니오,나이 서른에 점점 다가갈때,식곤증이 전보다 심해졌어용,아니오 (1-2번으로 이동),,챙기기 기찬타,예,아니오,아니오,아니오,아니오,아니오,4,2,1,2,4,2,주변의 효과와 경험담 소개;원하는 성분과 그 함량;적정 가격,5,1~2만원 미만,3,3,4,1,유튜브;인스타그램,"유튜브;포털사이트 (구글, 네이버, 다음 등)",4,5,5,4,1,주 1~2회,규칙적인 운동;좋은 식습관,3,6~8시간,한달에 1~2회,한달에 1~3잔,아니오 (6번으로 이동),,없다,남자,20대,미혼,3~5인 가구,고졸이하,쉿,소득 없음,
2022/06/07 3:01:01 오후 GMT+9,예 (1-1번으로 이동),"종합비타민;비타민C;오메가3;유산균;밀크씨슬, 우루사 등 (간 건강)",예,아니오,아니오,몸이 아프거나 주변사람들이 아프다는 말을 들었을 때,잠이 부족할 때,잘 모르겠음 (2번으로 이동),,,아니오,아니오,아니오,아니오,,,4,3,3,3,4,4,"원하는 성분과 그 함량;적정 가격;판매처(온라인, 약국, 건강기능식품 매장, 해외직구 등)",3,2~3만원 미만,3,3,4,2,유튜브;인스타그램,"유튜브;인스타그램;포털사이트 (구글, 네이버, 다음 등)",4,5,5,5,4,한달 1~2회 정도,"규칙적인 운동;좋은 식습관;규칙적인 생활;비타민, 무기질 등 영양제 섭취;정기적인 건강검진",4,6~8시간,한달에 1~2회,한달에 1~3잔,아니오 (6번으로 이동),,없다,여자,20대,미혼,3~5인 가구,대학교 재학,학생,소득 없음,
2022/06/07 3:01:45 오후 GMT+9,예 (1-1번으로 이동),"종합비타민;루테인, 지아잔틴 등 (눈 건강)",예,아니오,아니오,술먹고 다음날,겜할때 우리팀끼리 싸울때,예 (1-1번으로 이동),피로회복을 위해;건강 유지를 위해;가족/친척/지인의 권유에 의해,,아니오,아니오,아니오,아니오,아니오,아니오,3,3,3,3,3,3,주변의 효과와 경험담 소개;원하는 성분과 그 함량;적정 가격,3,4~5만원 미만,3,5,3,3,유튜브,"유튜브;포털사이트 (구글, 네이버, 다음 등);신문/뉴스포털;지인",3,3,4,4,4,주 1~2회,특별히 신경쓰지 않는다,3,6~8시간,일주일에 2~3회,일주일에 1~3잔,아니오 (6번으로 이동),,없다,남자,20대,미혼,3~5인 가구,대학교 졸업,프리랜서,월 200~300만원 미만,
2022/06/07 3:02:42 오후 GMT+9,예 (1-1번으로 이동),"비타민C;비타민D;비타민B;오메가3;루테인, 지아잔틴 등 (눈 건강);밀크씨슬, 우루사 등 (간 건강)",아니오,예,예,,8-9시쯤 되면 눈에 피로가 쌓이는 느낌이 듭니다.( 업무상 컴퓨터를 많이 사용),예 (1-1번으로 이동),일상의 활력 충전을 위해,,아니오,아니오,아니오,예,예,아니오,3,4,4,4,5,1,주변의 효과와 경험담 소개;적정 가격,4,2~3만원 미만,4,4,4,4,유튜브;인스타그램,"유튜브;인스타그램;포털사이트 (구글, 네이버, 다음 등)",3,4,4,3,1,거의 안한다,"특별히 신경쓰지 않는다;비타민, 무기질 등 영양제 섭취",4,6~8시간,한달에 3~4회,하루에 1잔,아니오 (6번으로 이동),,없다,남자,20대,미혼,1인 가구,대학교 졸업,학생,월 100만원 미만,
2022/06/07 3:02:52 오후 GMT+9,예 (1-1번으로 이동),"종합비타민;무기질 (마그네슘, 칼슘, 철분 등);유산균",예,예,예,,,예 (1-1번으로 이동),피로회복을 위해,,예,아니오,아니오,예,예,아니오,4,3,4,5,2,3,"주변의 효과와 경험담 소개;제조사(상표) 신뢰도;원하는 성분과 그 함량;적정 가격;제품의 형태(알약, 분말, 액상, 발포형)",3,3~4만원 미만,5,4,5,2,유튜브;인스타그램,"유튜브;인스타그램;포털사이트 (구글, 네이버, 다음 등)",4,5,4,4,4,주 1~2회,"규칙적인 생활;비타민, 무기질 등 영양제 섭취",4,5~6시간,한달에 3~4회,일주일에 1~3잔,아니오 (6번으로 이동),,없다,여자,20대,미혼,2인 가구,대학교 졸업,학생,,
2022/06/07 3:02:59 오후 GMT+9,예 (1-1번으로 이동),종합비타민,예,예,아니오,항상 건강에 신경은 쓰고 있습니다,가끔 술자리기 이어질때,예 (1-1번으로 이동),피로회복을 위해,,예,아니오,예,아니오,,,4,4,4,4,3,3,주변의 효과와 경험담 소개;제조사(상표) 신뢰도,5,1~2만원 미만,4,4,5,4,유튜브;페이스북,"유튜브;트위터;포털사이트 (구글, 네이버, 다음 등);TV시청",3,4,5,4,2,주 1~2회,규칙적인 운동;규칙적인 생활,3,5~6시간,일주일에 2~3회,하루에 2잔 이상,예 (5-1번으로 이동),10~20개비 미만,없다,남자,50대,기혼,3~5인 가구,대학원,사무직,월 700만원 이상,
2022/06/07 3:03:29 오후 GMT+9,예 (1-1번으로 이동),종합비타민;비타민C;오메가3;유산균,예,예,아니오,정신이 혼미해지고 눈이 파르르 떨리며 피곤할_,잠을 푹 못자거나 제대로 휴식을 취하지 못했을_,예 (1-1번으로 이동),피로회복을 위해;불규칙한 식사의 영양소 보충을 위해;일상의 활력 충전을 위해;건강 유지를 위해;가족/친척/지인의 권유에 의해,,예,아니오,예,아니오,예,아니오,3,3,3,4,5,1,"주변의 효과와 경험담 소개;원하는 성분과 그 함량;적정 가격;제품의 형태(알약, 분말, 액상, 발포형)",4,2~3만원 미만,4,4,3,4,유튜브;인스타그램;지식인,유튜브;인스타그램;네이버카페;지식인,4,3,3,3,2,주 1~2회,규칙적인 운동;좋은 식습관;규칙적인 생활,4,6~8시간,한달에 1~2회,하루에 1잔,아니오 (6번으로 이동),,없다,남자,20대,,,대학원,학생,,
2022/06/07 3:04:45 오후 GMT+9,예 (1-1번으로 이동),"비타민D;비타민B;오메가3;유산균;밀크씨슬, 우루사 등 (간 건강)",예,예,예,피로할때,잠을 많이 못 잘 때,예 (1-1번으로 이동),피로회복을 위해;불규칙한 식사의 영양소 보충을 위해,,아니오,아니오,아니오,예,예,아니오,4,4,4,4,4,4,제조사(상표) 신뢰도;제품의 표지 등에 표시된 제품 정보;원하는 성분과 그 함량;적정 가격,5,3~4만원 미만,5,5,5,2,유튜브;인스타그램,"유튜브;포털사이트 (구글, 네이버, 다음 등)",5,5,5,5,5,주 3~5회,"규칙적인 운동;좋은 식습관;비타민, 무기질 등 영양제 섭취",5,8시간 초과,한달에 1~2회,하루에 1잔,아니오 (6번으로 이동),,없다,남자,20대,미혼,3~5인 가구,대학교 졸업,사무직,월 600~700만원 미만,
2022/06/07 3:05:52 오후 GMT+9,예 (1-1번으로 이동),"종합비타민;비타민C;비타민D;무기질 (마그네슘, 칼슘, 철분 등);오메가3;유산균;밀크씨슬, 우루사 등 (간 건강)",예,예,예,당직으로 죽어갈때,당직,예 (1-1번으로 이동),피로회복을 위해;불규칙한 식사의 영양소 보충을 위해;질병의 예방 및 치료를 위해;피부 미용을 위해;건강 유지를 위해,,예,예,예,예,예,아니오,5,5,5,5,3,1,주변의 효과와 경험담 소개;제조사(상표) 신뢰도;적정 가격,4,2~3만원 미만,5,5,4,5,유튜브;인스타그램;페이스북;네이버카페,"유튜브;포털사이트 (구글, 네이버, 다음 등);지인",3,3,5,5,5,주 1~2회,"규칙적인 운동;규칙적인 생활;비타민, 무기질 등 영양제 섭취",3,5~6시간,한달에 3~4회,하루에 1잔,예 (5-1번으로 이동),10~20개비 미만,없다,남자,20대,미혼,1인 가구,대학교 졸업,사무직,월 200~300만원 미만,
2022/06/07 3:07:02 오후 GMT+9,예 (1-1번으로 이동),"비타민C;비타민B;무기질 (마그네슘, 칼슘, 철분 등)",예,예,예,,,예 (1-1번으로 이동),피로회복을 위해;질병의 예방 및 치료를 위해;일상의 활력 충전을 위해,,예,아니오,아니오,아니오,예,아니오,4,4,4,4,2,1,제품의 표지 등에 표시된 제품 정보;원하는 성분과 그 함량;적정 가격,4,2~3만원 미만,5,4,4,4,유튜브;인스타그램;트위터,"유튜브;트위터;포털사이트 (구글, 네이버, 다음 등)",4,4,5,5,5,주 3~5회,규칙적인 운동;좋은 식습관,4,6~8시간,전혀 마시지 않는다,하루에 1잔,아니오 (6번으로 이동),,있다,남자,20대,미혼,1인 가구,대학원,학생,월 100만원 미만,
2022/06/07 3:07:11 오후 GMT+9,예 (1-1번으로 이동),"종합비타민;무기질 (마그네슘, 칼슘, 철분 등);오메가3;루테인, 지아잔틴 등 (눈 건강);밀크씨슬, 우루사 등 (간 건강)",예,아니오,아니오,술 마시고 힘들때,과음한 다음날,잘 모르겠음 (2번으로 이동),,,아니오,아니오,아니오,아니오,,안먹어_음,1,1,1,1,5,3,원하는 성분과 그 함량,1,3~4만원 미만,5,2,1,4,유튜브;인스타그램;페이스북,"유튜브;인스타그램;페이스북;포털사이트 (구글, 네이버, 다음 등);지인",2,4,5,4,4,주 3~5회,"비타민, 무기질 등 영양제 섭취",3,6~8시간,매일,하루에 1잔,예 (5-1번으로 이동),10~20개비 미만,있다,남자,20대,미혼,3~5인 가구,전문대 졸,서비스직,월 200~300만원 미만,
2022/06/07 3:07:17 오후 GMT+9,예 (1-1번으로 이동),"비타민C;비타민D;오메가3;유산균;루테인, 지아잔틴 등 (눈 건강);밀크씨슬, 우루사 등 (간 건강)",예,아니오,아니오,체력이 저하될 때,잠을 잘 못잘 때,잘 모르겠음 (2번으로 이동),,,예,아니오,아니오,아니오,,,3,4,3,4,2,2,주변의 효과와 경험담 소개;제조사(상표) 신뢰도;적정 가격,4,2~3만원 미만,4,4,4,4,유튜브;인스타그램;TV시청,"유튜브;인스타그램;포털사이트 (구글, 네이버, 다음 등);TV시청;지인",4,4,3,3,4,주 1~2회,"규칙적인 생활;비타민, 무기질 등 영양제 섭취",3,6~8시간,일주일에 2~3회,하루에 2잔 이상,아니오 (6번으로 이동),,없다,여자,30대,미혼,1인 가구,대학원,학생,월 100~200만원 미만,
2022/06/07 3:07:34 오후 GMT+9,예 (1-1번으로 이동),종합비타민,아니오,아니오,아니오,입안이 헐거나 눈꺼풀이 떨리는 등 피로할 때 나오는 증상이 생길때,잠을 적게 잤을 때,잘 모르겠음 (2번으로 이동),,,예,아니오,아니오,아니오,,,1,1,1,1,5,5,원하는 성분과 그 함량,5,2~3만원 미만,5,5,1,3,유튜브;인스타그램,"유튜브;포털사이트 (구글, 네이버, 다음 등)",1,3,3,3,1,주 3~5회,규칙적인 운동,4,8시간 초과,전혀 마시지 않는다,하루에 1잔,아니오 (6번으로 이동),,있다,남자,20대,미혼,3~5인 가구,대학교 졸업,프리랜서,소득 없음,
2022/06/07 3:09:34 오후 GMT+9,예 (1-1번으로 이동),"종합비타민;비타민C;비타민D;비타민B;무기질 (마그네슘, 칼슘, 철분 등);오메가3;유산균;루테인, 지아잔틴 등 (눈 건강);밀크씨슬, 우루사 등 (간 건강)",예,예,예,"피곤하고 졸릴 때, 잠을 자도 기력회복이 안될 때",아침에 일어날 때,예 (1-1번으로 이동),피로회복을 위해;피부 미용을 위해,,예,아니오,아니오,예,아니오,복통 및 설사,5,5,3,3,1,1,"제품의 표지 등에 표시된 제품 정보;원하는 성분과 그 함량;제품의 형태(알약, 분말, 액상, 발포형)",1,2~3만원 미만,5,3,5,5,유튜브,유튜브,5,5,5,1,5,거의 안한다,"비타민, 무기질 등 영양제 섭취;정기적인 건강검진",5,6~8시간,일주일에 2~3회,하루에 1잔,아니오 (6번으로 이동),,없다,여자,30대,기혼,2인 가구,대학교 졸업,사무직,월 300~400만원 미만,
2022/06/07 3:10:01 오후 GMT+9,예 (1-1번으로 이동),종합비타민;비타민C;비타민B;유산균,예,예,아니오,"1. 예전보다 체력이 떨어진 것을 느낄때
2. 누가 건강이 안좋아졌다는 얘기를 들었을때","야근하고 퇴근하는 길, 출근길",잘 모르겠음 (2번으로 이동),,,예,아니오,아니오,아니오,예,아니오,2,2,3,2,4,5,주변의 효과와 경험담 소개;제조사(상표) 신뢰도;원하는 성분과 그 함량;적정 가격,4,3~4만원 미만,4,4,4,4,유튜브;페이스북;신문/뉴스포털,"유튜브;포털사이트 (구글, 네이버, 다음 등);신문/뉴스포털;지인",4,4,3,3,3,주 3~5회,규칙적인 운동,4,6~8시간,한달에 1~2회,하루에 1잔,아니오 (6번으로 이동),,있다,남자,20대,미혼,3~5인 가구,대학교 졸업,사무직,월 300~400만원 미만,
2022/06/07 3:10:08 오후 GMT+9,예 (1-1번으로 이동),"종합비타민;비타민C;비타민D;무기질 (마그네슘, 칼슘, 철분 등);오메가3;유산균",예,아니오,아니오,,잠이 부족할 때,잘 모르겠음 (2번으로 이동),,,아니오,아니오,아니오,아니오,,,2,2,3,3,4,3,제조사(상표) 신뢰도;제품의 표지 등에 표시된 제품 정보;원하는 성분과 그 함량;적정 가격,4,2~3만원 미만,4,4,4,3,유튜브;인스타그램,유튜브;인스타그램;네이버카페;TV시청;라디오 청취;신문/뉴스포털;지인,4,4,4,4,4,한달 1~2회 정도,"규칙적인 운동;좋은 식습관;규칙적인 생활;비타민, 무기질 등 영양제 섭취;정기적인 건강검진",3,5~6시간,전혀 마시지 않는다,한달에 1~3잔,아니오 (6번으로 이동),,없다,여자,30대,기혼,3~5인 가구,대학교 졸업,전문직,월 200~300만원 미만,
2022/06/07 3:10:24 오후 GMT+9,예 (1-1번으로 이동),"비타민C;비타민B;밀크씨슬, 우루사 등 (간 건강)",예,예,예,"아침에 눈떳을 때 컨디션이 너무 안좋으면 생각납니다!
일하다가 체력적으로 한계가 느껴질 때 생각납니다!
휴일에 밀린 잠을 자고..  활동적이지 못할 때도 생각나구요","수업 끝난 직후(가르치는 일을 하고있어요)
아침에 눈뜬 직후",예 (1-1번으로 이동),피로회복을 위해;불규칙한 식사의 영양소 보충을 위해;질병의 예방 및 치료를 위해;일상의 활력 충전을 위해;피부 미용을 위해;건강 유지를 위해,,예,아니오,예,예,예,아니오,5,5,5,5,2,1,주변의 효과와 경험담 소개,3,3~4만원 미만,4,3,5,2,유튜브;인스타그램,"유튜브;인스타그램;포털사이트 (구글, 네이버, 다음 등);온라인/모바일앱 커뮤니티 (네이버카페 외);지식인;지인",4,4,5,4,3,주 3~5회,"규칙적인 운동;규칙적인 생활;비타민, 무기질 등 영양제 섭취",2,6~8시간,전혀 마시지 않는다,하루에 1잔,아니오 (6번으로 이동),,있다,남자,30대,미혼,3~5인 가구,대학교 졸업,자영업,월 100~200만원 미만,
2022/06/07 3:11:45 오후 GMT+9,예 (1-1번으로 이동),"종합비타민;비타민C;비타민D;비타민B;무기질 (마그네슘, 칼슘, 철분 등)",예,예,예,매체. 광고 등 외부요인,업무후.. 운동후..,예 (1-1번으로 이동),질병의 예방 및 치료를 위해;일상의 활력 충전을 위해;건강 유지를 위해,균형잡힌 식생활 만으로 충분하다,예,예,예,아니오,예,아니오,5,5,5,5,3,1,주변의 효과와 경험담 소개;제조사(상표) 신뢰도;매체홍보,3,2~3만원 미만,4,5,5,5,유튜브;TV시청;신문/뉴스포털,"유튜브;포털사이트 (구글, 네이버, 다음 등);TV시청;신문/뉴스포털",5,4,4,4,5,주 3~5회,"규칙적인 운동;좋은 식습관;비타민, 무기질 등 영양제 섭취",4,6~8시간,한달에 1~2회,일주일에 1~3잔,아니오 (6번으로 이동),,없다,남자,50대,기혼,2인 가구,대학교 졸업,자영업,월 400~500만원 미만,
2022/06/07 3:11:59 오후 GMT+9,예 (1-1번으로 이동),"종합비타민;비타민C;무기질 (마그네슘, 칼슘, 철분 등)",예,예,예,눈주름 생겨서,아침에 일어날때,예 (1-1번으로 이동),피로회복을 위해;일상의 활력 충전을 위해,,예,아니오,예,예,예,아니오,5,5,5,5,5,5,원하는 성분과 그 함량,4,2~3만원 미만,4,4,4,5,유튜브;인스타그램;페이스북,"유튜브;인스타그램;포털사이트 (구글, 네이버, 다음 등)",4,4,4,4,5,매일한다,"규칙적인 운동;좋은 식습관;규칙적인 생활;비타민, 무기질 등 영양제 섭취",5,6~8시간,전혀 마시지 않는다,하루에 2잔 이상,예 (5-1번으로 이동),10~20개비 미만,없다,남자,20대,미혼,3~5인 가구,대학교 재학,학생,소득 없음,
2022/06/07 3:13:00 오후 GMT+9,예 (1-1번으로 이동),"종합비타민;비타민D;무기질 (마그네슘, 칼슘, 철분 등);오메가3;유산균;루테인, 지아잔틴 등 (눈 건강)",예,아니오,아니오,나이먹음을 느낄때,술마신다음날,예 (1-1번으로 이동),피로회복을 위해;일상의 활력 충전을 위해;건강 유지를 위해,,예,예,예,아니오,아니오,아니오,3,3,3,3,3,3,주변의 효과와 경험담 소개;원하는 성분과 그 함량;적정 가격,3,3~4만원 미만,3,4,4,2,유튜브;인스타그램;네이버카페,"유튜브;인스타그램;포털사이트 (구글, 네이버, 다음 등);네이버카페",3,3,3,3,3,주 3~5회,"규칙적인 운동;좋은 식습관;규칙적인 생활;비타민, 무기질 등 영양제 섭취",3,6~8시간,매일,하루에 1잔,예 (5-1번으로 이동),5~10개비 미만,없다,여자,40대,기혼,3~5인 가구,대학교 졸업,주부,소득 없음,
2022/06/07 3:13:25 오후 GMT+9,예 (1-1번으로 이동),"비타민C;비타민D;비타민B;무기질 (마그네슘, 칼슘, 철분 등);오메가3;유산균",예,예,아니오,피곤함이오래갈때,과한근력운동후,잘 모르겠음 (2번으로 이동),,,예,예,아니오,아니오,아니오,예,3,3,3,4,4,2,"원하는 성분과 그 함량;제품의 형태(알약, 분말, 액상, 발포형)",4,4~5만원 미만,5,5,3,4,유튜브;페이스북;TV시청;신문/뉴스포털,"유튜브;페이스북;포털사이트 (구글, 네이버, 다음 등);TV시청;신문/뉴스포털;지인",4,5,4,4,4,주 3~5회,"규칙적인 운동;좋은 식습관;비타민, 무기질 등 영양제 섭취",3,6~8시간,한달에 1~2회,하루에 2잔 이상,아니오 (6번으로 이동),,있다,여자,50대,기혼,2인 가구,대학원,주부,월 700만원 이상,
2022/06/07 3:13:42 오후 GMT+9,예 (1-1번으로 이동),비타민C,아니오,아니오,아니오,,,아니오 (1-2번으로 이동),피로회복을 위해,균형잡힌 식생활 만으로 충분하다,예,아니오,아니오,아니오,아니오,아니오,3,3,3,2,2,2,주변의 효과와 경험담 소개,4,3~4만원 미만,5,4,4,4,유튜브;네이버카페;지식인;TV시청;라디오 청취,유튜브;네이버카페;지식인;TV시청;라디오 청취,4,5,4,5,5,주 1~2회,규칙적인 운동;좋은 식습관;규칙적인 생활,4,5~6시간,한달에 3~4회,하루에 2잔 이상,예 (5-1번으로 이동),5~10개비 미만,없다,남자,50대,기혼,6인 가구 이상,대학교 졸업,사무직,월 700만원 이상,
2022/06/07 3:13:54 오후 GMT+9,예 (1-1번으로 이동),"종합비타민;비타민C;유산균;밀크씨슬, 우루사 등 (간 건강)",예,아니오,아니오,자고 일어나도 피로할 때,집중해서 일 한 후,아니오 (1-2번으로 이동),,가격이 비싸다;생각을 못했다.,아니오,아니오,아니오,아니오,,,,,,,,,,,,,,,,유튜브;인스타그램;페이스북,"유튜브;인스타그램;페이스북;포털사이트 (구글, 네이버, 다음 등);온라인/모바일앱 커뮤니티 (네이버카페 외);지인",3,4,2,2,2,주 1~2회,규칙적인 운동;좋은 식습관;규칙적인 생활;정기적인 건강검진,3,5~6시간,한달에 3~4회,일주일에 1~3잔,아니오 (6번으로 이동),,있다,남자,20대,미혼,3~5인 가구,전문대 졸,사무직,월 200~300만원 미만,
2022/06/07 3:17:16 오후 GMT+9,예 (1-1번으로 이동),"종합비타민;비타민C;비타민D;무기질 (마그네슘, 칼슘, 철분 등);오메가3;유산균;루테인, 지아잔틴 등 (눈 건강)",예,예,예,몸의 피로도가 느껴지거나 건강검진으로 결과지 신호가 왔을때,"잠을 잘 못 잤을때
음주 다음날",예 (1-1번으로 이동),피로회복을 위해;질병의 예방 및 치료를 위해;일상의 활력 충전을 위해;건강 유지를 위해,,예,예,예,아니오,아니오,아니오,4,4,3,3,1,1,"주변의 효과와 경험담 소개;제조사(상표) 신뢰도;적정 가격;제품의 형태(알약, 분말, 액상, 발포형)",4,2~3만원 미만,5,5,5,3,네이버카페;온라인/모바일앱 커뮤니티 (네이버카페 외);지식인,"포털사이트 (구글, 네이버, 다음 등);온라인/모바일앱 커뮤니티 (네이버카페 외);지식인;TV시청;지인",3,3,5,5,3,주 1~2회,좋은 식습관;규칙적인 생활;정기적인 건강검진,3,6~8시간,한달에 3~4회,하루에 2잔 이상,아니오 (6번으로 이동),,없다,여자,40대,기혼,3~5인 가구,고졸이하,사무직,월 600~700만원 미만,
2022/06/07 3:17:18 오후 GMT+9,예 (1-1번으로 이동),"비타민C;비타민D;무기질 (마그네슘, 칼슘, 철분 등);오메가3;유산균",아니오,예,아니오,"주변 사람이 갑자기 아프거나
눈이 침침할 때","잠을 잘 못자거나
일을 너무 열심히 했을 때",예 (1-1번으로 이동),질병의 예방 및 치료를 위해;피부 미용을 위해;건강 유지를 위해,,예,아니오,아니오,아니오,아니오,아니오,3,4,4,3,5,1,주변의 효과와 경험담 소개;제조사(상표) 신뢰도;원하는 성분과 그 함량;적정 가격,4,3~4만원 미만,4,4,2,2,유튜브;인스타그램;트위터;온라인/모바일앱 커뮤니티 (네이버카페 외);TV시청,"유튜브;인스타그램;트위터;포털사이트 (구글, 네이버, 다음 등)",5,5,4,3,4,거의 안한다,좋은 식습관,3,5~6시간,한달에 1~2회,한달에 1~3잔,아니오 (6번으로 이동),,있다,여자,30대,미혼,3~5인 가구,대학교 졸업,사무직,월 200~300만원 미만,
2022/06/07 3:17:24 오후 GMT+9,예 (1-1번으로 이동),"종합비타민;비타민B;무기질 (마그네슘, 칼슘, 철분 등);유산균;루테인, 지아잔틴 등 (눈 건강)",예,예,예,몸에 이상이 생길 때,업무 강도가 며칠씩 강할 때,예 (1-1번으로 이동),불규칙한 식사의 영양소 보충을 위해;일상의 활력 충전을 위해;건강 유지를 위해,,예,아니오,아니오,아니오,아니오,아니오,4,3,3,3,4,4,주변의 효과와 경험담 소개;원하는 성분과 그 함량,2,2~3만원 미만,4,3,2,5,유튜브;인스타그램;TV시청;신문/뉴스포털,"페이스북;포털사이트 (구글, 네이버, 다음 등);TV시청;신문/뉴스포털",5,5,5,5,5,주 3~5회,"규칙적인 운동;좋은 식습관;규칙적인 생활;비타민, 무기질 등 영양제 섭취",4,5~6시간,한달에 3~4회,하루에 2잔 이상,아니오 (6번으로 이동),,없다,여자,20대,미혼,3~5인 가구,대학교 졸업,전문직,월 300~400만원 미만,
2022/06/07 3:17:39 오후 GMT+9,예 (1-1번으로 이동),"종합비타민;비타민C;비타민D;비타민B;무기질 (마그네슘, 칼슘, 철분 등);오메가3;유산균;밀크씨슬, 우루사 등 (간 건강)",예,예,예,"장례식장 방문, 아침에 일어나기 힘들때","햇볕을 많이 본 날, 사람이 많은 곳을 다녀온 날",예 (1-1번으로 이동),피로회복을 위해;불규칙한 식사의 영양소 보충을 위해;질병의 예방 및 치료를 위해;일상의 활력 충전을 위해,,예,예,예,아니오,아니오,아니오,3,2,4,4,1,1,주변의 효과와 경험담 소개;제조사(상표) 신뢰도;원하는 성분과 그 함량,4,2~3만원 미만,5,5,5,5,유튜브;인스타그램,"포털사이트 (구글, 네이버, 다음 등);지인",5,5,5,5,5,한달 1~2회 정도,"좋은 식습관;규칙적인 생활;비타민, 무기질 등 영양제 섭취;정기적인 건강검진",4,6~8시간,전혀 마시지 않는다,전혀 마시지 않는다,아니오 (6번으로 이동),,없다,여자,30대,기혼,3~5인 가구,대학교 졸업,주부,월 400~500만원 미만,
2022/06/07 3:17:44 오후 GMT+9,예 (1-1번으로 이동),종합비타민;비타민C;유산균,예,예,예,면역력이 떨어질때,수면부족,예 (1-1번으로 이동),피로회복을 위해,,예,예,예,예,예,아니오,5,4,4,4,1,2,원하는 성분과 그 함량,2,3~4만원 미만,4,4,4,4,유튜브;지식인,유튜브;지식인,4,3,5,5,4,주 3~5회,"규칙적인 운동;좋은 식습관;비타민, 무기질 등 영양제 섭취;정기적인 건강검진",4,5시간 미만,매일,하루에 2잔 이상,아니오 (6번으로 이동),,없다,여자,40대,기혼,3~5인 가구,대학교 졸업,사무직,월 600~700만원 미만,
2022/06/07 3:17:53 오후 GMT+9,예 (1-1번으로 이동),"종합비타민;비타민C;비타민D;오메가3;유산균;루테인, 지아잔틴 등 (눈 건강);밀크씨슬, 우루사 등 (간 건강)",예,아니오,아니오,혈액순환이  안될때   몸이  뻣뻣하고  허리 통증 느낄때,많이  먹고난후,예 (1-1번으로 이동),건강 유지를 위해,건강하기 때문에 필요성을 느끼지 못한다,예,아니오,예,아니오,예,아니오,3,3,3,3,1,5,원하는 성분과 그 함량;적정 가격,4,1~2만원 미만,3,3,3,1,유튜브;TV시청,"유튜브;포털사이트 (구글, 네이버, 다음 등)",3,3,4,4,3,주 3~5회,규칙적인 운동;좋은 식습관,3,5~6시간,한달에 1~2회,하루에 1잔,아니오 (6번으로 이동),,없다,여자,50대,기혼,3~5인 가구,대학교 졸업,주부,월 700만원 이상,
2022/06/07 3:18:25 오후 GMT+9,예 (1-1번으로 이동),종합비타민,예,예,예,,,예 (1-1번으로 이동),일상의 활력 충전을 위해,,예,예,예,아니오,예,아니오,3,3,3,3,1,1,제조사(상표) 신뢰도,2,3~4만원 미만,2,2,4,1,TV시청;신문/뉴스포털,TV시청;신문/뉴스포털,2,3,4,4,1,거의 안한다,좋은 식습관,3,6~8시간,한달에 3~4회,하루에 2잔 이상,예 (5-1번으로 이동),20~30개비 미만,있다,남자,60대 이상,기혼,3~5인 가구,대학원,사무직,월 700만원 이상,
2022/06/07 3:20:08 오후 GMT+9,예 (1-1번으로 이동),"비타민C;비타민D;비타민B;무기질 (마그네슘, 칼슘, 철분 등);유산균;루테인, 지아잔틴 등 (눈 건강)",예,예,예,"피로감, 노화",아침 기상시 ,예 (1-1번으로 이동),피로회복을 위해;일상의 활력 충전을 위해;건강 유지를 위해,,예,아니오,예,예,예,아니오,5,5,5,5,1,1,"제조사(상표) 신뢰도;적정 가격;제품의 형태(알약, 분말, 액상, 발포형)",4,2~3만원 미만,3,5,1,3,유튜브;인스타그램;네이버카페,"인스타그램;포털사이트 (구글, 네이버, 다음 등);네이버카페",3,3,5,5,4,주 1~2회,"규칙적인 운동;좋은 식습관;비타민, 무기질 등 영양제 섭취;정기적인 건강검진",4,6~8시간,한달에 3~4회,하루에 2잔 이상,아니오 (6번으로 이동),,없다,여자,40대,기혼,3~5인 가구,대학교 졸업,전문직,월 700만원 이상,
2022/06/07 3:20:20 오후 GMT+9,예 (1-1번으로 이동),"종합비타민;비타민C;비타민D;무기질 (마그네슘, 칼슘, 철분 등);오메가3;유산균;루테인, 지아잔틴 등 (눈 건강)",예,아니오,아니오,"갑자기 눈이 침침 할때, 어쩌다가 피로함을 느낄때, 티비에서 건강에는 비타민을 평소에 섭취해야 한다고 나올때",음주 후 다음날,잘 모르겠음 (2번으로 이동),,건강하기 때문에 필요성을 느끼지 못한다,아니오,아니오,아니오,아니오,아니오,아니오,3,2,2,2,4,3,주변의 효과와 경험담 소개;제조사(상표) 신뢰도,3,3~4만원 미만,3,5,2,5,유튜브;인스타그램;페이스북;네이버카페,"유튜브;인스타그램;포털사이트 (구글, 네이버, 다음 등);네이버카페",3,4,3,3,1,주 1~2회,규칙적인 운동;좋은 식습관;규칙적인 생활,3,6~8시간,일주일에 2~3회,하루에 2잔 이상,아니오 (6번으로 이동),,없다,남자,40대,기혼,3~5인 가구,대학교 졸업,사무직,월 400~500만원 미만,
2022/06/07 3:23:29 오후 GMT+9,예 (1-1번으로 이동),"종합비타민;비타민C;오메가3;유산균;루테인, 지아잔틴 등 (눈 건강)",예,아니오,아니오,크게 앓았을 때,출근할 때,예 (1-1번으로 이동),피로회복을 위해;불규칙한 식사의 영양소 보충을 위해,,예,예,예,아니오,,,3,3,4,4,5,1,"주변의 효과와 경험담 소개;제조사(상표) 신뢰도;원하는 성분과 그 함량;제품의 형태(알약, 분말, 액상, 발포형)",4,2~3만원 미만,4,4,2,4,유튜브;인스타그램,유튜브;지인,5,5,4,3,5,주 3~5회,규칙적인 운동;좋은 식습관;규칙적인 생활,5,6~8시간,한달에 1~2회,일주일에 1~3잔,아니오 (6번으로 이동),,없다,여자,20대,미혼,3~5인 가구,대학교 졸업,사무직,월 400~500만원 미만,
2022/06/07 3:24:20 오후 GMT+9,예 (1-1번으로 이동),비타민C;유산균,예,아니오,아니오,병에 걸려보니 건강을 잘 챙겨야겠다고 생각됩니다,하루의 일과를 마칠때쯤 피곤합니다,예 (1-1번으로 이동),질병의 예방 및 치료를 위해,균형잡힌 식생활 만으로 충분하다,예,아니오,예,아니오,,,3,3,3,3,1,3,원하는 성분과 그 함량;적정 가격,4,2~3만원 미만,5,5,5,1,유튜브;페이스북;TV시청,"유튜브;포털사이트 (구글, 네이버, 다음 등)",4,4,3,3,2,주 1~2회,규칙적인 운동;좋은 식습관,2,5~6시간,전혀 마시지 않는다,하루에 1잔,아니오 (6번으로 이동),,있다,여자,50대,기혼,3~5인 가구,대학교 졸업,주부,월 400~500만원 미만,
2022/06/07 3:24:26 오후 GMT+9,예 (1-1번으로 이동),"종합비타민;무기질 (마그네슘, 칼슘, 철분 등);유산균;밀크씨슬, 우루사 등 (간 건강)",예,예,예,술 마실때...,일찍 일어나서 늦게까지 활동할 때,예 (1-1번으로 이동),피로회복을 위해;일상의 활력 충전을 위해;피부 미용을 위해;건강 유지를 위해,건강하기 때문에 필요성을 느끼지 못한다,예,아니오,아니오,예,예,아니오,5,5,5,5,4,2,"원하는 성분과 그 함량;적정 가격;제품의 형태(알약, 분말, 액상, 발포형)",4,3~4만원 미만,5,4,5,4,유튜브;인스타그램,"유튜브;인스타그램;포털사이트 (구글, 네이버, 다음 등)",4,3,4,4,3,주 1~2회,"규칙적인 운동;비타민, 무기질 등 영양제 섭취",5,6~8시간,일주일에 2~3회,전혀 마시지 않는다,아니오 (6번으로 이동),,없다,여자,20대,미혼,3~5인 가구,대학교 졸업,학생,소득 없음,
2022/06/07 3:24:28 오후 GMT+9,예 (1-1번으로 이동),"종합비타민;비타민C;비타민D;비타민B;무기질 (마그네슘, 칼슘, 철분 등);유산균",예,예,예,체력이 떨어졌을때,좀 바쁠때,예 (1-1번으로 이동),피로회복을 위해;불규칙한 식사의 영양소 보충을 위해;질병의 예방 및 치료를 위해;일상의 활력 충전을 위해;건강 유지를 위해;가족/친척/지인의 권유에 의해,,예,예,예,아니오,예,아니오,4,4,4,4,4,4,주변의 효과와 경험담 소개;제조사(상표) 신뢰도,4,2~3만원 미만,4,4,4,4,유튜브;인스타그램,"유튜브;포털사이트 (구글, 네이버, 다음 등)",2,2,3,3,2,주 1~2회,특별히 신경쓰지 않는다,3,6~8시간,한달에 1~2회,한달에 1~3잔,아니오 (6번으로 이동),,없다,여자,20대,미혼,3~5인 가구,대학원,학생,소득 없음,
2022/06/07 3:25:51 오후 GMT+9,예 (1-1번으로 이동),"종합비타민;비타민D;밀크씨슬, 우루사 등 (간 건강)",예,아니오,아니오,과도한 업무후,야근후나 많이 걸었을때,잘 모르겠음 (2번으로 이동),,,예,아니오,아니오,아니오,,아니오,2,2,2,2,4,4,주변의 효과와 경험담 소개,2,4~5만원 미만,3,3,3,2,유튜브;인스타그램;TV시청,"유튜브;인스타그램;포털사이트 (구글, 네이버, 다음 등)",2,2,4,3,3,한달 1~2회 정도,특별히 신경쓰지 않는다,2,5~6시간,전혀 마시지 않는다,하루에 2잔 이상,예 (5-1번으로 이동),10~20개비 미만,없다,남자,30대,기혼,3~5인 가구,대학교 재학,전문직,월 700만원 이상,
2022/06/07 3:26:26 오후 GMT+9,예 (1-1번으로 이동),"종합비타민;무기질 (마그네슘, 칼슘, 철분 등);오메가3;유산균;루테인, 지아잔틴 등 (눈 건강);밀크씨슬, 우루사 등 (간 건강)",아니오,아니오,아니오,체력고갈,자고 일어나도 피로회복이 안될때,잘 모르겠음 (2번으로 이동),,,아니오,아니오,예,아니오,,,2,2,2,2,5,5,주변의 효과와 경험담 소개;적정 가격,5,1~2만원 미만,4,3,3,3,유튜브;인스타그램;페이스북;TV시청,"유튜브;인스타그램;페이스북;포털사이트 (구글, 네이버, 다음 등);TV시청",4,4,4,4,2,주 1~2회,좋은 식습관;규칙적인 생활,3,6~8시간,일주일에 2~3회,일주일에 1~3잔,예 (5-1번으로 이동),10~20개비 미만,있다,남자,40대,미혼,2인 가구,대학교 졸업,프리랜서,월 100~200만원 미만,
2022/06/07 3:26:36 오후 GMT+9,예 (1-1번으로 이동),"종합비타민;비타민C;비타민D;비타민B;무기질 (마그네슘, 칼슘, 철분 등);오메가3;유산균;루테인, 지아잔틴 등 (눈 건강)",예,예,예,내분비내과질환이 생겨서,잠을 못잔후,예 (1-1번으로 이동),불규칙한 식사의 영양소 보충을 위해;질병의 예방 및 치료를 위해;건강 유지를 위해,,예,아니오,아니오,예,예,아니오,5,4,5,5,1,1,제품의 표지 등에 표시된 제품 정보;원하는 성분과 그 함량,5,2~3만원 미만,5,5,5,5,유튜브;지식인,"유튜브;포털사이트 (구글, 네이버, 다음 등);온라인/모바일앱 커뮤니티 (네이버카페 외)",5,5,4,4,4,주 3~5회,규칙적인 운동;좋은 식습관,3,5~6시간,한달에 1~2회,하루에 2잔 이상,아니오 (6번으로 이동),,있다,여자,50대,기혼,3~5인 가구,대학교 졸업,주부,월 600~700만원 미만,
2022/06/07 3:27:01 오후 GMT+9,예 (1-1번으로 이동),"종합비타민;비타민C;비타민D;비타민B;무기질 (마그네슘, 칼슘, 철분 등);오메가3;유산균;루테인, 지아잔틴 등 (눈 건강);밀크씨슬, 우루사 등 (간 건강)",예,예,예,,,예 (1-1번으로 이동),질병의 예방 및 치료를 위해;일상의 활력 충전을 위해,,예,예,예,아니오,예,아니오,5,5,5,5,1,1,제조사(상표) 신뢰도,1,3~4만원 미만,5,5,5,5,유튜브,유튜브,3,1,4,4,3,한달 1~2회 정도,"비타민, 무기질 등 영양제 섭취",3,5~6시간,일주일에 2~3회,하루에 2잔 이상,예 (5-1번으로 이동),5~10개비 미만,없다,남자,50대,기혼,1인 가구,대학교 졸업,사무직,월 700만원 이상,
2022/06/07 3:27:22 오후 GMT+9,예 (1-1번으로 이동),비타민C;비타민D;유산균,예,예,예,체력이 다른날보다 확실히 떨어진걸 느낄때,수면패턴이 바뀌었을때 ,예 (1-1번으로 이동),피로회복을 위해,,아니오,아니오,아니오,예,예,아니오,4,4,4,4,4,4,주변의 효과와 경험담 소개,3,3~4만원 미만,3,3,3,4,유튜브;인스타그램,"인스타그램;포털사이트 (구글, 네이버, 다음 등);네이버카페;지인",2,2,3,3,2,한달 1~2회 정도,규칙적인 생활,2,6~8시간,한달에 1~2회,하루에 1잔,아니오 (6번으로 이동),,없다,여자,20대,미혼,3~5인 가구,대학교 재학,학생,소득 없음,
2022/06/07 3:27:28 오후 GMT+9,예 (1-1번으로 이동),"비타민C;비타민D;밀크씨슬, 우루사 등 (간 건강)",예,아니오,아니오,피곤할때...,술많이먹고....,잘 모르겠음 (2번으로 이동),,,예,아니오,아니오,아니오,아니오,아니오,3,3,4,3,3,3,원하는 성분과 그 함량,4,1~2만원 미만,4,4,4,4,유튜브,"유튜브;포털사이트 (구글, 네이버, 다음 등)",5,4,5,4,5,한달 1~2회 정도,규칙적인 운동;좋은 식습관,4,8시간 초과,일주일에 4~5회,일주일에 1~3잔,아니오 (6번으로 이동),,없다,여자,30대,미혼,,대학교 졸업,전문직,월 300~400만원 미만,
2022/06/07 3:28:35 오후 GMT+9,예 (1-1번으로 이동),"종합비타민;비타민D;비타민B;오메가3;유산균;루테인, 지아잔틴 등 (눈 건강)",예,예,예,,,예 (1-1번으로 이동),피로회복을 위해;일상의 활력 충전을 위해;의사/약사 등 전문가의 권유에 의해,,예,아니오,아니오,예,예,아니오,3,3,3,3,4,4,"주변의 효과와 경험담 소개;제조사(상표) 신뢰도;판매처(온라인, 약국, 건강기능식품 매장, 해외직구 등)",2,3~4만원 미만,4,4,4,4,유튜브;인스타그램,"포털사이트 (구글, 네이버, 다음 등)",4,4,4,4,4,주 1~2회,"규칙적인 운동;비타민, 무기질 등 영양제 섭취;정기적인 건강검진",3,5~6시간,전혀 마시지 않는다,하루에 2잔 이상,아니오 (6번으로 이동),,없다,여자,20대,미혼,3~5인 가구,대학원,전문직,월 500~600만원 미만,
2022/06/07 3:29:06 오후 GMT+9,예 (1-1번으로 이동),"종합비타민;비타민C;비타민D;무기질 (마그네슘, 칼슘, 철분 등);오메가3;루테인, 지아잔틴 등 (눈 건강);밀크씨슬, 우루사 등 (간 건강)",예,예,예,건강에 이상이 생겼다고 느꼈을때,매일매일,잘 모르겠음 (2번으로 이동),,,예,아니오,아니오,예,아니오,아니오,3,3,2,2,5,1,주변의 효과와 경험담 소개;적정 가격,5,2~3만원 미만,5,3,3,4,유튜브;인스타그램;페이스북;지식인;신문/뉴스포털,"유튜브;인스타그램;포털사이트 (구글, 네이버, 다음 등);지식인;지인",3,4,3,3,4,주 3~5회,규칙적인 운동;좋은 식습관,4,5시간 미만,한달에 1~2회,하루에 1잔,아니오 (6번으로 이동),,없다,남자,20대,미혼,3~5인 가구,대학교 졸업,전문직,월 200~300만원 미만,
2022/06/07 3:29:26 오후 GMT+9,예 (1-1번으로 이동),"종합비타민;밀크씨슬, 우루사 등 (간 건강)",아니오,예,아니오,술먹기전 컨디션,술 많이 먹고 잠 못잔날,잘 모르겠음 (2번으로 이동),,,예,아니오,아니오,아니오,아니오,아니오,1,1,1,1,1,1,관심이 없음,2,1~2만원 미만,2,2,1,1,유튜브;페이스북;네이버카페;온라인/모바일앱 커뮤니티 (네이버카페 외);지식인;TV시청;라디오 청취;신문/뉴스포털,"유튜브;포털사이트 (구글, 네이버, 다음 등);네이버카페;온라인/모바일앱 커뮤니티 (네이버카페 외);지식인;TV시청;라디오 청취;신문/뉴스포털;지인",5,5,3,4,4,주 1~2회,규칙적인 운동,3,6~8시간,일주일에 2~3회,하루에 2잔 이상,예 (5-1번으로 이동),5개비 미만,없다,남자,40대,기혼,3~5인 가구,대학교 재학,전문직,월 700만원 이상,
2022/06/07 3:30:30 오후 GMT+9,예 (1-1번으로 이동),"종합비타민;오메가3;루테인, 지아잔틴 등 (눈 건강)",예,아니오,아니오,몸이 피곤해서 무기력해지는 느낌이 들 때입니다 ,잠을 평소보다 늦게 잘때 또는 전날 일을 많이 할때 입니다,잘 모르겠음 (2번으로 이동),,,예,아니오,아니오,아니오,,,3,3,2,2,4,4,제조사(상표) 신뢰도;제품의 표지 등에 표시된 제품 정보;원하는 성분과 그 함량;적정 가격,5,2~3만원 미만,4,4,5,1,유튜브;페이스북,"유튜브;포털사이트 (구글, 네이버, 다음 등);온라인/모바일앱 커뮤니티 (네이버카페 외);지인",4,2,5,4,3,거의 안한다,"좋은 식습관;규칙적인 생활;비타민, 무기질 등 영양제 섭취",4,5~6시간,한달에 1~2회,전혀 마시지 않는다,예 (5-1번으로 이동),10~20개비 미만,없다,남자,20대,미혼,3~5인 가구,대학교 재학,학생,월 100만원 미만,
2022/06/07 3:30:58 오후 GMT+9,예 (1-1번으로 이동),"종합비타민;비타민C;비타민D;오메가3;유산균;루테인, 지아잔틴 등 (눈 건강)",예,아니오,아니오,피고함을 느낄때.,,예 (1-1번으로 이동),피로회복을 위해;불규칙한 식사의 영양소 보충을 위해;질병의 예방 및 치료를 위해;일상의 활력 충전을 위해;피부 미용을 위해,,예,아니오,예,아니오,,,4,4,4,4,1,1,"주변의 효과와 경험담 소개;제조사(상표) 신뢰도;제품의 표지 등에 표시된 제품 정보;제품의 형태(알약, 분말, 액상, 발포형)",4,2~3만원 미만,5,3,2,2,유튜브;인스타그램;온라인/모바일앱 커뮤니티 (네이버카페 외);TV시청,"유튜브;인스타그램;포털사이트 (구글, 네이버, 다음 등);온라인/모바일앱 커뮤니티 (네이버카페 외);TV시청",4,4,4,4,4,주 3~5회,정기적인 건강검진,4,5시간 미만,한달에 3~4회,하루에 1잔,아니오 (6번으로 이동),,없다,여자,50대,미혼,1인 가구,대학교 졸업,사무직,월 700만원 이상,
2022/06/07 3:31:18 오후 GMT+9,예 (1-1번으로 이동),"비타민C;비타민B;오메가3;유산균;루테인, 지아잔틴 등 (눈 건강)",아니오,예,아니오,,,예 (1-1번으로 이동),피로회복을 위해,,예,아니오,예,예,예,아니오,4,4,4,4,5,5,주변의 효과와 경험담 소개,4,1~2만원 미만,4,4,3,2,유튜브;인스타그램,"유튜브;인스타그램;포털사이트 (구글, 네이버, 다음 등)",4,4,4,4,2,한달 1~2회 정도,규칙적인 운동;좋은 식습관,4,5~6시간,한달에 3~4회,하루에 1잔,아니오 (6번으로 이동),,없다,남자,20대,미혼,1인 가구,대학원,학생,월 100~200만원 미만,
2022/06/07 3:32:15 오후 GMT+9,예 (1-1번으로 이동),"종합비타민;비타민C;비타민B;무기질 (마그네슘, 칼슘, 철분 등);유산균;루테인, 지아잔틴 등 (눈 건강)",예,예,예,아침에 피로감이 극심할때,출근할때,예 (1-1번으로 이동),피로회복을 위해;일상의 활력 충전을 위해;건강 유지를 위해,,예,아니오,아니오,예,아니오,아니오,4,3,3,3,2,3,"적정 가격;판매처(온라인, 약국, 건강기능식품 매장, 해외직구 등)",4,3~4만원 미만,3,5,5,2,유튜브;인스타그램,"유튜브;인스타그램;포털사이트 (구글, 네이버, 다음 등)",3,3,5,4,4,주 3~5회,규칙적인 운동;규칙적인 생활,4,6~8시간,일주일에 2~3회,하루에 2잔 이상,아니오 (6번으로 이동),,있다,여자,20대,미혼,1인 가구,대학교 졸업,사무직,월 300~400만원 미만,
2022/06/07 3:34:43 오후 GMT+9,예 (1-1번으로 이동),"종합비타민;비타민C;비타민D;유산균;밀크씨슬, 우루사 등 (간 건강)",예,예,예,피곤할때,어깨가 아플때,예 (1-1번으로 이동),피로회복을 위해;건강 유지를 위해,,예,예,예,아니오,아니오,아니오,4,4,4,4,4,2,주변의 효과와 경험담 소개;제조사(상표) 신뢰도,4,3~4만원 미만,5,4,4,3,유튜브;인스타그램;페이스북,"유튜브;페이스북;포털사이트 (구글, 네이버, 다음 등)",4,4,4,4,3,주 1~2회,"규칙적인 운동;규칙적인 생활;비타민, 무기질 등 영양제 섭취;정기적인 건강검진",3,5~6시간,일주일에 2~3회,하루에 2잔 이상,금연중 (6번으로 이동),,없다,남자,50대,기혼,3~5인 가구,대학교 재학,사무직,월 600~700만원 미만,
2022/06/07 3:35:37 오후 GMT+9,예 (1-1번으로 이동),"종합비타민;비타민C;비타민D;오메가3;유산균;밀크씨슬, 우루사 등 (간 건강)",예,아니오,아니오,헬스조선 기사볼때,생리할 때,잘 모르겠음 (2번으로 이동),,,예,아니오,아니오,아니오,,,3,4,4,2,4,1,"주변의 효과와 경험담 소개;제조사(상표) 신뢰도;제품의 표지 등에 표시된 제품 정보;원하는 성분과 그 함량;제품의 형태(알약, 분말, 액상, 발포형)",2,2~3만원 미만,4,4,2,2,유튜브;인스타그램;TV시청,유튜브;인스타그램;TV시청;신문/뉴스포털,2,4,5,5,5,주 1~2회,"규칙적인 운동;좋은 식습관;규칙적인 생활;비타민, 무기질 등 영양제 섭취",3,5~6시간,한달에 1~2회,일주일에 1~3잔,아니오 (6번으로 이동),,있다,여자,20대,미혼,3~5인 가구,대학원,사무직,,
2022/06/07 3:35:42 오후 GMT+9,예 (1-1번으로 이동),종합비타민,예,아니오,아니오,매일 운동 할 때,배고플때,아니오 (1-2번으로 이동),,건강하기 때문에 필요성을 느끼지 못한다,아니오,아니오,아니오,아니오,아니오,아니오,1,1,1,1,5,1,적정 가격,5,1~2만원 미만,3,5,2,1,유튜브;인스타그램;네이버카페,유튜브;지인,2,5,4,5,2,주 3~5회,"규칙적인 운동;좋은 식습관;규칙적인 생활;비타민, 무기질 등 영양제 섭취",3,6~8시간,전혀 마시지 않는다,전혀 마시지 않는다,아니오 (6번으로 이동),,없다,남자,20대,미혼,3~5인 가구,고졸이하,자영업,월 300~400만원 미만,
2022/06/07 3:38:30 오후 GMT+9,예 (1-1번으로 이동),"종합비타민;비타민C;비타민B;무기질 (마그네슘, 칼슘, 철분 등);오메가3;유산균",예,예,예,건강이 악화되어 수치가 나빠졌거나 병원에 입원후,스트레스를 지속적으로 받을때,예 (1-1번으로 이동),피로회복을 위해;의사/약사 등 전문가의 권유에 의해,가격이 비싸다;균형잡힌 식생활 만으로 충분하다,예,예,예,아니오,아니오,아니오,2,3,3,3,3,4,주변의 효과와 경험담 소개;제품의 표지 등에 표시된 제품 정보;원하는 성분과 그 함량,3,2~3만원 미만,3,2,4,2,유튜브;TV시청;라디오 청취;신문/뉴스포털,유튜브;TV시청;라디오 청취;신문/뉴스포털;지인,4,4,4,4,4,주 3~5회,규칙적인 운동;좋은 식습관;정기적인 건강검진,2,6~8시간,한달에 1~2회,일주일에 1~3잔,아니오 (6번으로 이동),,있다,여자,50대,기혼,3~5인 가구,대학교 졸업,주부,월 600~700만원 미만,
2022/06/07 3:40:07 오후 GMT+9,예 (1-1번으로 이동),종합비타민,아니오,아니오,아니오,쉬어도 피로가 안 풀릴 때,할 일이 많을 때,잘 모르겠음 (2번으로 이동),,,아니오,아니오,아니오,아니오,,,2,2,2,2,4,1,주변의 효과와 경험담 소개;제조사(상표) 신뢰도;제품의 표지 등에 표시된 제품 정보;원하는 성분과 그 함량;적정 가격,4,2~3만원 미만,5,4,4,1,유튜브;인스타그램,"포털사이트 (구글, 네이버, 다음 등);신문/뉴스포털",5,5,4,4,3,주 3~5회,규칙적인 운동;좋은 식습관;정기적인 건강검진,4,6~8시간,한달에 1~2회,전혀 마시지 않는다,아니오 (6번으로 이동),,없다,여자,20대,미혼,1인 가구,대학교 졸업,백수,소득 없음,
2022/06/07 3:43:15 오후 GMT+9,예 (1-1번으로 이동),"종합비타민;비타민C;비타민D;무기질 (마그네슘, 칼슘, 철분 등);오메가3;유산균;루테인, 지아잔틴 등 (눈 건강);밀크씨슬, 우루사 등 (간 건강)",예,예,예,급격한 체력 변화를 느낄 때,음주 후 또는 불규칙한 수면 후,예 (1-1번으로 이동),피로회복을 위해;불규칙한 식사의 영양소 보충을 위해;일상의 활력 충전을 위해;피부 미용을 위해;건강 유지를 위해,효과가 없다,예,아니오,예,아니오,아니오,아니오,3,4,4,4,4,4,주변의 효과와 경험담 소개;제조사(상표) 신뢰도;원하는 성분과 그 함량,5,2~3만원 미만,4,5,4,5,유튜브;인스타그램;지식인;신문/뉴스포털,네이버카페;지식인;신문/뉴스포털,5,5,4,5,5,매일한다,규칙적인 운동;좋은 식습관;규칙적인 생활,5,5~6시간,일주일에 4~5회,일주일에 1~3잔,아니오 (6번으로 이동),,없다,여자,20대,미혼,3~5인 가구,대학교 재학,프리랜서,월 100~200만원 미만,
2022/06/07 3:44:21 오후 GMT+9,예 (1-1번으로 이동),비타민C,예,아니오,아니오,조금만 아파도 신체나 정신적으로 큰 타격이 있을때,퇴근 후 집가는 지하철에서 피로가 극심해짐,아니오 (1-2번으로 이동),,먹고있는 약에 의한 부작용우려,예,아니오,아니오,아니오,아니오,아니오,2,3,3,3,5,5,"제조사(상표) 신뢰도;제품의 표지 등에 표시된 제품 정보;판매처(온라인, 약국, 건강기능식품 매장, 해외직구 등)",1,3~4만원 미만,5,2,3,1,유튜브;온라인/모바일앱 커뮤니티 (네이버카페 외);TV시청,"유튜브;포털사이트 (구글, 네이버, 다음 등)",4,4,5,5,3,주 1~2회,좋은 식습관;규칙적인 생활,1,5~6시간,한달에 1~2회,일주일에 1~3잔,아니오 (6번으로 이동),,있다,남자,20대,미혼,2인 가구,전문대 졸,사무직,월 200~300만원 미만,
2022/06/07 3:46:00 오후 GMT+9,예 (1-1번으로 이동),"종합비타민;비타민C;비타민D;무기질 (마그네슘, 칼슘, 철분 등);오메가3;유산균",예,아니오,아니오,,,예 (1-1번으로 이동),피로회복을 위해;건강 유지를 위해,,예,아니오,예,아니오,,,5,5,5,5,3,5,주변의 효과와 경험담 소개;제조사(상표) 신뢰도,,2~3만원 미만,5,5,5,3,유튜브;네이버카페;TV시청;신문/뉴스포털,"유튜브;포털사이트 (구글, 네이버, 다음 등);TV시청;신문/뉴스포털;지인",4,3,5,5,3,주 1~2회,규칙적인 운동,4,5~6시간,한달에 1~2회,하루에 2잔 이상,아니오 (6번으로 이동),,있다,여자,50대,기혼,3~5인 가구,대학교 졸업,주부,월 700만원 이상,
2022/06/07 3:46:15 오후 GMT+9,예 (1-1번으로 이동),"종합비타민;비타민B;루테인, 지아잔틴 등 (눈 건강)",아니오,예,아니오,"아침에 눈이 잘 뜨이지 않을 때, 언덕/계단 올라가는데 힘들 때, 오래 앉아있다가 허리가 아플 때",저녁식사 직후,잘 모르겠음 (2번으로 이동),,,예,아니오,아니오,아니오,아니오,아니오,3,2,2,3,4,4,주변의 효과와 경험담 소개;제조사(상표) 신뢰도;적정 가격,5,2~3만원 미만,4,4,3,3,유튜브,"유튜브;포털사이트 (구글, 네이버, 다음 등)",3,4,3,3,2,주 3~5회,규칙적인 운동,3,6~8시간,일주일에 2~3회,하루에 2잔 이상,아니오 (6번으로 이동),,없다,남자,20대,미혼,3~5인 가구,대학교 졸업,학생,월 100~200만원 미만,
2022/06/07 3:47:26 오후 GMT+9,예 (1-1번으로 이동),"종합비타민;비타민C;오메가3;유산균;루테인, 지아잔틴 등 (눈 건강)",예,아니오,예,몸이 예전같지 않다고 느낄때,신경 많이 쓰고 일 많이 하고 난후,잘 모르겠음 (2번으로 이동),,종합비타민으로 될것 같아서,예,아니오,아니오,예,,,3,3,3,2,1,4,제조사(상표) 신뢰도;제품의 표지 등에 표시된 제품 정보;적정 가격,4,3~4만원 미만,4,4,4,3,유튜브;인스타그램;네이버카페;지식인;TV시청;신문/뉴스포털,"유튜브;포털사이트 (구글, 네이버, 다음 등);네이버카페;TV시청",4,5,4,4,3,주 1~2회,규칙적인 운동;좋은 식습관;규칙적인 생활,3,6~8시간,일주일에 2~3회,하루에 1잔,아니오 (6번으로 이동),,없다,여자,50대,기혼,3~5인 가구,대학교 졸업,주부,월 600~700만원 미만,
2022/06/07 3:48:51 오후 GMT+9,예 (1-1번으로 이동),"종합비타민;비타민C;비타민B;무기질 (마그네슘, 칼슘, 철분 등);유산균;루테인, 지아잔틴 등 (눈 건강)",예,예,아니오,몸이 예전 같지 않을 때..(상처가 잘 낫지 않는 등 회복이 더딜 때),잠을 잘 자지 못 했을 때,잘 모르겠음 (2번으로 이동),,가격이 비싸다;균형잡힌 식생활 만으로 충분하다;종합을 먹어서 b만 따로 먹을 필요성을 못 느낍니다,예,아니오,아니오,아니오,예,아니오,2,2,2,3,1,1,제품의 표지 등에 표시된 제품 정보;원하는 성분과 그 함량;적정 가격,4,2~3만원 미만,4,3,2,1,유튜브;인스타그램,"포털사이트 (구글, 네이버, 다음 등);네이버카페",5,5,4,4,5,주 1~2회,특별히 신경쓰지 않는다,3,6~8시간,한달에 1~2회,하루에 1잔,아니오 (6번으로 이동),,없다,여자,20대,미혼,1인 가구,대학교 졸업,무직,소득 없음,
2022/06/07 3:50:48 오후 GMT+9,예 (1-1번으로 이동),종합비타민;비타민C;비타민D;비타민B;오메가3;유산균,예,예,예,피로감,아침 일어날때나 회식후,예 (1-1번으로 이동),피로회복을 위해;질병의 예방 및 치료를 위해;건강 유지를 위해,,예,아니오,아니오,예,예,아니오,4,4,4,4,4,4,주변의 효과와 경험담 소개;제조사(상표) 신뢰도,4,1~2만원 미만,4,4,4,2,유튜브;온라인/모바일앱 커뮤니티 (네이버카페 외);TV시청,"유튜브;포털사이트 (구글, 네이버, 다음 등)",3,3,5,4,4,주 1~2회,규칙적인 운동;좋은 식습관,4,5~6시간,한달에 3~4회,한달에 1~3잔,아니오 (6번으로 이동),,없다,여자,40대,기혼,3~5인 가구,전문대 졸,전문직,월 700만원 이상,
2022/06/07 3:50:49 오후 GMT+9,예 (1-1번으로 이동),종합비타민;오메가3;유산균,예,예,아니오,운동해도 예전같지 않을 때,,예 (1-1번으로 이동),피로회복을 위해;일상의 활력 충전을 위해;건강 유지를 위해,,아니오,아니오,아니오,아니오,아니오,아니오,2,2,3,3,4,3,제품의 표지 등에 표시된 제품 정보;원하는 성분과 그 함량,3,1~2만원 미만,4,5,4,3,유튜브;인스타그램;네이버카페,"유튜브;포털사이트 (구글, 네이버, 다음 등)",4,5,4,4,4,주 3~5회,규칙적인 운동;규칙적인 생활,4,5~6시간,한달에 1~2회,전혀 마시지 않는다,아니오 (6번으로 이동),,없다,남자,20대,미혼,1인 가구,대학원,프리랜서,월 700만원 이상,
2022/06/07 3:52:49 오후 GMT+9,예 (1-1번으로 이동),종합비타민;비타민C;비타민D;오메가3;유산균,예,아니오,아니오,"건강을 잃으면 모든걸 다 잃는다고 생각
",정신적 스트레스,아니오 (1-2번으로 이동),피로회복을 위해;일상의 활력 충전을 위해;피부 미용을 위해,종합비타민 복용으로 만족,예,아니오,아니오,아니오,아니오,복용 경험 무,3,2,3,2,4,4,제품의 표지 등에 표시된 제품 정보;원하는 성분과 그 함량;적정 가격,5,1~2만원 미만,4,4,1,4,유튜브;페이스북;트위터,"페이스북;포털사이트 (구글, 네이버, 다음 등)",5,5,5,5,4,주 3~5회,규칙적인 운동;좋은 식습관;규칙적인 생활;정기적인 건강검진,4,6~8시간,전혀 마시지 않는다,하루에 2잔 이상,아니오 (6번으로 이동),,없다,여자,50대,기혼,3~5인 가구,대학교 졸업,자영업,월 500~600만원 미만,
2022/06/07 3:53:17 오후 GMT+9,예 (1-1번으로 이동),종합비타민,예,예,아니오,요즘 학교도 다니면서 일도 하다보니 자주 피로해하며 그 이유를 찾아보니 그 중 한가지가 비타민 부족이라는걸 알아서 챙겨먹기 시작했습니다.,일할때,예 (1-1번으로 이동),피로회복을 위해;일상의 활력 충전을 위해,,예,아니오,아니오,아니오,예,아니오,3,4,4,4,4,4,주변의 효과와 경험담 소개;제조사(상표) 신뢰도;원하는 성분과 그 함량;적정 가격,5,2~3만원 미만,3,4,3,4,유튜브;인스타그램;페이스북,"유튜브;인스타그램;포털사이트 (구글, 네이버, 다음 등);네이버카페;지식인;지인",5,5,4,5,4,주 1~2회,"규칙적인 운동;좋은 식습관;규칙적인 생활;비타민, 무기질 등 영양제 섭취",5,5~6시간,한달에 1~2회,하루에 1잔,아니오 (6번으로 이동),,없다,남자,20대,미혼,3~5인 가구,대학교 재학,학생,소득 없음,
2022/06/07 3:53:37 오후 GMT+9,예 (1-1번으로 이동),"종합비타민;비타민C;비타민D;비타민B;무기질 (마그네슘, 칼슘, 철분 등);오메가3;유산균;밀크씨슬, 우루사 등 (간 건강)",예,예,예,"건강검진 후 결과가 경계일 경우, 피로감이 심하게 느껴지거나 체력이 부족하다고 느낄 때, 호되게 아픈 이후, 코로나 백신 접종 전후","호르몬 주기에 따라 피로감이 달라지는 것 같으며, 일반적으로는 밤샘 작업 등으로 수면 패턴이 달라지는 경우, 고도의 집중력을 요하는 프로젝트를 진행 후 등",예 (1-1번으로 이동),피로회복을 위해;일상의 활력 충전을 위해,,예,예,예,예,예,아니오,5,4,4,4,1,1,"제조사(상표) 신뢰도;광고 여부에 따라, 예를 들어 tv에서 이런 브랜드가 있는데 이런 효과가 있다고 광고했을 경우 다른 생소한 브랜드에 비해 손이 간다 신생 브랜드라 하더라도",3,2~3만원 미만,4,4,4,5,유튜브;인스타그램;네이버카페;온라인/모바일앱 커뮤니티 (네이버카페 외);TV시청,"유튜브;인스타그램;포털사이트 (구글, 네이버, 다음 등);온라인/모바일앱 커뮤니티 (네이버카페 외)",5,5,5,5,4,주 3~5회,규칙적인 운동;좋은 식습관;규칙적인 생활,4,6~8시간,전혀 마시지 않는다,일주일에 1~3잔,아니오 (6번으로 이동),,있다,여자,30대,미혼,3~5인 가구,대학교 졸업,취준생^^,소득 없음,
2022/06/07 3:54:00 오후 GMT+9,예 (1-1번으로 이동),"종합비타민;비타민C;비타민B;오메가3;유산균;루테인, 지아잔틴 등 (눈 건강)",예,예,예,몸의 피로,,예 (1-1번으로 이동),피로회복을 위해;일상의 활력 충전을 위해;건강 유지를 위해,,예,아니오,아니오,예,아니오,아니오,3,3,5,3,1,2,제품의 표지 등에 표시된 제품 정보;원하는 성분과 그 함량;적정 가격,4,2~3만원 미만,4,2,2,2,유튜브,"포털사이트 (구글, 네이버, 다음 등);네이버카페;지인",3,3,5,5,4,주 3~5회,"규칙적인 운동;좋은 식습관;규칙적인 생활;비타민, 무기질 등 영양제 섭취",5,6~8시간,한달에 1~2회,일주일에 1~3잔,아니오 (6번으로 이동),,없다,남자,20대,미혼,1인 가구,대학교 졸업,전문직,월 200~300만원 미만,
2022/06/07 3:54:49 오후 GMT+9,아니오 (2번으로 이동),,아니오,아니오,아니오,,컴퓨터를 오래 쳐다볼 시,잘 모르겠음 (2번으로 이동),,,예,아니오,예,아니오,아니오,아니오,3,3,3,3,3,3,주변의 효과와 경험담 소개,4,3~4만원 미만,4,4,4,4,유튜브;페이스북;네이버카페;신문/뉴스포털,"유튜브;페이스북;포털사이트 (구글, 네이버, 다음 등)",4,4,3,3,3,한달 1~2회 정도,규칙적인 생활,3,5~6시간,한달에 3~4회,하루에 2잔 이상,예 (5-1번으로 이동),10~20개비 미만,없다,남자,50대,기혼,3~5인 가구,대학원,사무직,월 600~700만원 미만,
2022/06/07 3:55:17 오후 GMT+9,예 (1-1번으로 이동),"종합비타민;무기질 (마그네슘, 칼슘, 철분 등);오메가3;유산균;밀크씨슬, 우루사 등 (간 건강)",예,예,아니오,피곤할 때,컨디션이 난조일 때,예 (1-1번으로 이동),피로회복을 위해;불규칙한 식사의 영양소 보충을 위해;일상의 활력 충전을 위해;건강 유지를 위해,,아니오,아니오,예,예,예,울렁거림,4,3,4,3,1,2,주변의 효과와 경험담 소개;제조사(상표) 신뢰도;원하는 성분과 그 함량;적정 가격,4,3~4만원 미만,4,4,4,4,유튜브;인스타그램;네이버카페;신문/뉴스포털,유튜브;인스타그램;네이버카페;온라인/모바일앱 커뮤니티 (네이버카페 외),4,4,3,4,4,주 1~2회,규칙적인 운동;좋은 식습관;규칙적인 생활,5,6~8시간,전혀 마시지 않는다,한달에 1~3잔,아니오 (6번으로 이동),,없다,여자,30대,기혼,2인 가구,대학교 졸업,사무직,월 200~300만원 미만,
2022/06/07 3:56:12 오후 GMT+9,예 (1-1번으로 이동),"종합비타민;비타민C;비타민D;무기질 (마그네슘, 칼슘, 철분 등);오메가3;유산균",예,예,아니오,예전과 같지 않은 몸을 느낄때 건강을 챙겨야 겠다고 생각합니다.,매일 피로하지만 수요일 저녁에 가장 피로합니다.,예 (1-1번으로 이동),피로회복을 위해,,예,아니오,아니오,예,예,아니오,3,2,4,3,5,4,원하는 성분과 그 함량;적정 가격,4,2~3만원 미만,5,4,3,4,유튜브;인스타그램;네이버카페;TV시청,"유튜브;포털사이트 (구글, 네이버, 다음 등);네이버카페",4,4,4,4,4,주 1~2회,"규칙적인 운동;비타민, 무기질 등 영양제 섭취;정기적인 건강검진",5,6~8시간,한달에 1~2회,일주일에 1~3잔,아니오 (6번으로 이동),,없다,여자,20대,미혼,3~5인 가구,대학교 졸업,사무직,월 200~300만원 미만,
2022/06/07 3:56:38 오후 GMT+9,예 (1-1번으로 이동),"비타민B;무기질 (마그네슘, 칼슘, 철분 등);오메가3;유산균",예,아니오,아니오,"평일에 골골댈때, 체력이 떨어지는걸 느낄때",잦은 야근 및 외근,예 (1-1번으로 이동),피로회복을 위해;질병의 예방 및 치료를 위해;일상의 활력 충전을 위해;건강 유지를 위해,,아니오,아니오,아니오,아니오,,,4,4,4,4,1,1,"주변의 효과와 경험담 소개;제조사(상표) 신뢰도;원하는 성분과 그 함량;적정 가격;제품의 형태(알약, 분말, 액상, 발포형)",5,2~3만원 미만,5,4,3,2,유튜브,유튜브,5,5,5,5,5,주 1~2회,"규칙적인 운동;좋은 식습관;규칙적인 생활;비타민, 무기질 등 영양제 섭취",4,6~8시간,한달에 3~4회,일주일에 1~3잔,아니오 (6번으로 이동),,없다,여자,20대,미혼,3~5인 가구,대학교 졸업,사무직,월 200~300만원 미만,
2022/06/07 3:56:53 오후 GMT+9,예 (1-1번으로 이동),종합비타민,예,예,예,,,예 (1-1번으로 이동),피로회복을 위해;일상의 활력 충전을 위해,,예,예,예,예,예,아니오,4,4,4,4,2,2,원하는 성분과 그 함량,3,4~5만원 미만,5,5,1,1,유튜브,"포털사이트 (구글, 네이버, 다음 등)",3,3,5,1,1,주 3~5회,"규칙적인 운동;비타민, 무기질 등 영양제 섭취",4,5~6시간,한달에 1~2회,전혀 마시지 않는다,아니오 (6번으로 이동),,없다,남자,20대,미혼,3~5인 가구,대학교 재학,학생,월 100만원 미만,
2022/06/07 3:57:43 오후 GMT+9,예 (1-1번으로 이동),종합비타민,예,아니오,아니오,면역력이 떨어졌을때,운동후,예 (1-1번으로 이동),건강 유지를 위해,,예,예,예,아니오,아니오,,3,3,3,3,1,1,제조사(상표) 신뢰도,5,2~3만원 미만,5,5,5,1,유튜브;인스타그램,"유튜브;포털사이트 (구글, 네이버, 다음 등)",4,4,5,4,5,주 1~2회,좋은 식습관,4,5~6시간,한달에 1~2회,하루에 1잔,아니오 (6번으로 이동),,없다,여자,40대,기혼,3~5인 가구,고졸이하,주부,소득 없음,
2022/06/07 3:57:51 오후 GMT+9,예 (1-1번으로 이동),비타민C;유산균,예,예,예,시험 준비를 할때/ 몸 컨디션이 떨어졌을 때,일정 시간 이상 숙면하지 못했을 때,예 (1-1번으로 이동),피로회복을 위해;불규칙한 식사의 영양소 보충을 위해;일상의 활력 충전을 위해;건강 유지를 위해,,예,아니오,아니오,예,예,아니오,4,4,5,4,2,2,제조사(상표) 신뢰도;원하는 성분과 그 함량,4,1~2만원 미만,4,4,4,2,유튜브;인스타그램;신문/뉴스포털,"유튜브;포털사이트 (구글, 네이버, 다음 등);네이버카페;신문/뉴스포털;지인",4,4,5,4,4,주 3~5회,"규칙적인 운동;좋은 식습관;비타민, 무기질 등 영양제 섭취",4,6~8시간,한달에 3~4회,하루에 1잔,아니오 (6번으로 이동),,없다,여자,20대,미혼,1인 가구,대학교 졸업,학생,소득 없음,
2022/06/07 3:57:56 오후 GMT+9,예 (1-1번으로 이동),비타민C;비타민D;유산균,예,아니오,아니오,음주다음날 및 수면시건 부족시,아침기상시,예 (1-1번으로 이동),피로회복을 위해;일상의 활력 충전을 위해;의사/약사 등 전문가의 권유에 의해,,아니오,아니오,예,아니오,예,아니오,4,4,4,4,5,5,주변의 효과와 경험담 소개;제조사(상표) 신뢰도;적정 가격,5,3~4만원 미만,5,5,3,2,유튜브;페이스북;온라인/모바일앱 커뮤니티 (네이버카페 외);TV시청,"유튜브;페이스북;포털사이트 (구글, 네이버, 다음 등);TV시청;신문/뉴스포털",5,4,5,5,4,주 3~5회,규칙적인 운동;좋은 식습관;정기적인 건강검진,4,5~6시간,한달에 3~4회,하루에 2잔 이상,아니오 (6번으로 이동),,없다,남자,50대,기혼,3~5인 가구,대학교 졸업,사무직,월 700만원 이상,
2022/06/07 3:58:08 오후 GMT+9,예 (1-1번으로 이동),종합비타민,아니오,예,아니오,몸이 예전같지 않고 피로할때,수면부족일때,잘 모르겠음 (2번으로 이동),,,예,아니오,예,아니오,아니오,아니오,3,3,3,3,4,4,주변의 효과와 경험담 소개;제조사(상표) 신뢰도;적정 가격,4,1~2만원 미만,4,4,4,4,유튜브;인스타그램;페이스북;TV시청,유튜브;인스타그램;지식인,3,3,4,4,4,주 1~2회,규칙적인 생활,3,5~6시간,한달에 1~2회,일주일에 1~3잔,아니오 (6번으로 이동),,없다,여자,30대,미혼,2인 가구,전문대 졸,사무직,월 200~300만원 미만,
2022/06/07 3:59:22 오후 GMT+9,예 (1-1번으로 이동),종합비타민;비타민C;오메가3,예,아니오,아니오,,,아니오 (1-2번으로 이동),,비타민 c에 대한 선호도가 더 높다,예,아니오,아니오,아니오,,,,,,,,,,,,,,,,유튜브;인스타그램,"유튜브;인스타그램;포털사이트 (구글, 네이버, 다음 등);네이버카페",5,5,5,5,1,거의 안한다,"비타민, 무기질 등 영양제 섭취",3,5~6시간,한달에 1~2회,하루에 1잔,아니오 (6번으로 이동),,없다,여자,20대,미혼,3~5인 가구,대학원,학생,소득 없음,
2022/06/07 4:01:18 오후 GMT+9,예 (1-1번으로 이동),종합비타민,아니오,아니오,아니오,피곤할때,,잘 모르겠음 (2번으로 이동),,,예,아니오,아니오,아니오,예,아니오,3,3,3,3,4,4,주변의 효과와 경험담 소개,4,2~3만원 미만,4,4,3,1,유튜브;인스타그램;페이스북;온라인/모바일앱 커뮤니티 (네이버카페 외),"유튜브;인스타그램;페이스북;포털사이트 (구글, 네이버, 다음 등);온라인/모바일앱 커뮤니티 (네이버카페 외);지인",3,4,4,4,2,주 1~2회,"좋은 식습관;비타민, 무기질 등 영양제 섭취",4,6~8시간,한달에 3~4회,전혀 마시지 않는다,아니오 (6번으로 이동),,없다,남자,20대,미혼,1인 가구,대학교 재학,학생,소득 없음,
2022/06/07 4:02:06 오후 GMT+9,예 (1-1번으로 이동),"종합비타민;비타민C;비타민D;오메가3;유산균;루테인, 지아잔틴 등 (눈 건강)",예,예,예,하루 종일 무기력할 때,전날 밤늦게 잤을 때,예 (1-1번으로 이동),피로회복을 위해;불규칙한 식사의 영양소 보충을 위해;가족/친척/지인의 권유에 의해,,아니오,아니오,예,아니오,아니오,아니오,3,2,2,3,5,4,원하는 성분과 그 함량;적정 가격,4,2~3만원 미만,5,4,2,2,유튜브;인스타그램,"유튜브;포털사이트 (구글, 네이버, 다음 등)",4,4,3,3,2,한달 1~2회 정도,규칙적인 생활;걷기,4,6~8시간,한달에 1~2회,한달에 1~3잔,아니오 (6번으로 이동),,없다,여자,20대,미혼,1인 가구,대학교 졸업,전문직,월 200~300만원 미만,
2022/06/07 4:02:31 오후 GMT+9,예 (1-1번으로 이동),"종합비타민;유산균;루테인, 지아잔틴 등 (눈 건강)",예,아니오,아니오,"체력저하, 시력저하","잘 졸때, 아침에 일어나기 힘들때",예 (1-1번으로 이동),피로회복을 위해;불규칙한 식사의 영양소 보충을 위해;건강 유지를 위해,,예,아니오,아니오,아니오,아니오,아니오,3,2,2,2,2,4,주변의 효과와 경험담 소개;제조사(상표) 신뢰도,4,2~3만원 미만,4,4,4,4,유튜브;인스타그램,유튜브;인스타그램,4,4,3,3,2,주 1~2회,규칙적인 운동;규칙적인 생활,4,6~8시간,한달에 3~4회,하루에 1잔,아니오 (6번으로 이동),,없다,여자,20대,미혼,1인 가구,대학교 졸업,사무직,월 300~400만원 미만,
2022/06/07 4:04:22 오후 GMT+9,예 (1-1번으로 이동),"종합비타민;비타민D;무기질 (마그네슘, 칼슘, 철분 등);오메가3;유산균",예,아니오,아니오,일상활동을 할 시 쉽게 지칠때/ 자도자도 피로함을 느낄 때,"일, 야외활동이 많을 시",예 (1-1번으로 이동),피로회복을 위해;건강 유지를 위해,,예,아니오,아니오,아니오,예,아니오,4,4,4,4,2,2,제조사(상표) 신뢰도;제품의 표지 등에 표시된 제품 정보;원하는 성분과 그 함량;적정 가격,4,2~3만원 미만,5,5,4,5,유튜브;인스타그램;네이버카페,"유튜브;인스타그램;포털사이트 (구글, 네이버, 다음 등);네이버카페;지인",3,4,4,2,1,거의 안한다,"비타민, 무기질 등 영양제 섭취",2,6~8시간,한달에 3~4회,하루에 1잔,아니오 (6번으로 이동),,있다,여자,20대,미혼,3~5인 가구,대학교 졸업,전문직,월 200~300만원 미만,
2022/06/07 4:06:23 오후 GMT+9,아니오 (2번으로 이동),,아니오,아니오,아니오,흡연 할때,늦게 자고 일찍 일어나야 하는 상황,예 (1-1번으로 이동),피로회복을 위해,,아니오,아니오,예,아니오,아니오,,4,4,4,4,4,4,주변의 효과와 경험담 소개;원하는 성분과 그 함량;적정 가격,4,3~4만원 미만,4,4,4,4,유튜브;인스타그램,"유튜브;인스타그램;포털사이트 (구글, 네이버, 다음 등)",3,3,3,3,2,주 3~5회,규칙적인 운동,3,5~6시간,한달에 3~4회,일주일에 1~3잔,예 (5-1번으로 이동),10~20개비 미만,없다,남자,20대,미혼,3~5인 가구,전문대 졸,공시생,소득 없음,
2022/06/07 4:07:18 오후 GMT+9,예 (1-1번으로 이동),"종합비타민;비타민C;유산균;루테인, 지아잔틴 등 (눈 건강)",예,아니오,아니오,몸이 않좋다고 느낄때,잠못질때,잘 모르겠음 (2번으로 이동),,,예,아니오,예,아니오,아니오,,3,3,3,3,3,3,주변의 효과와 경험담 소개,4,2~3만원 미만,4,4,4,4,유튜브;인스타그램;TV시청;신문/뉴스포털,"포털사이트 (구글, 네이버, 다음 등);네이버카페;TV시청",4,4,4,3,4,주 1~2회,규칙적인 운동,,6~8시간,일주일에 2~3회,일주일에 1~3잔,예 (5-1번으로 이동),10~20개비 미만,없다,남자,50대,기혼,3~5인 가구,대학원,전문직,월 500~600만원 미만,
2022/06/07 4:08:28 오후 GMT+9,예 (1-1번으로 이동),종합비타민;오메가3,예,아니오,예,,,예 (1-1번으로 이동),피로회복을 위해;질병의 예방 및 치료를 위해;건강 유지를 위해,건강하기 때문에 필요성을 느끼지 못한다,예,예,예,예,예,예,5,5,5,5,5,5,제조사(상표) 신뢰도;원하는 성분과 그 함량;적정 가격,5,4~5만원 미만,5,5,5,5,네이버카페,"포털사이트 (구글, 네이버, 다음 등);네이버카페",5,5,5,5,5,주 3~5회,규칙적인 운동;규칙적인 생활,5,5~6시간,한달에 3~4회,하루에 2잔 이상,예 (5-1번으로 이동),10~20개비 미만,있다,남자,50대,기혼,3~5인 가구,대학원,사무직,월 500~600만원 미만,
2022/06/07 4:10:37 오후 GMT+9,예 (1-1번으로 이동),"비타민C;비타민D;오메가3;루테인, 지아잔틴 등 (눈 건강)",예,아니오,아니오,아침에 피곤할때,야근 연속으로 할때,아니오 (1-2번으로 이동),,건강하기 때문에 필요성을 느끼지 못한다,예,아니오,아니오,아니오,,,,,,,,,,,,,,,,유튜브;인스타그램,"포털사이트 (구글, 네이버, 다음 등)",4,5,4,4,2,주 1~2회,규칙적인 운동;좋은 식습관,4,5~6시간,한달에 1~2회,하루에 1잔,아니오 (6번으로 이동),,없다,여자,30대,미혼,3~5인 가구,대학교 졸업,사무직,월 300~400만원 미만,
2022/06/07 4:11:23 오후 GMT+9,아니오 (2번으로 이동),,아니오,아니오,아니오,"각종 내분비계통 적신호 발생시(예 : 고혈압, 콜레스테롤 수치 악화 등)",수면 부족시,아니오 (1-2번으로 이동),,균형잡힌 식생활 만으로 충분하다,아니오,아니오,아니오,아니오,,,,,,,,,,,,,,,,유튜브;인스타그램;페이스북;트위터;온라인/모바일앱 커뮤니티 (네이버카페 외);라디오 청취;신문/뉴스포털,"유튜브;인스타그램;페이스북;트위터;포털사이트 (구글, 네이버, 다음 등);온라인/모바일앱 커뮤니티 (네이버카페 외);라디오 청취;신문/뉴스포털",5,5,5,5,5,매일한다,규칙적인 운동;좋은 식습관;규칙적인 생활;정기적인 건강검진;규칙적이고 충분한 수면(특히 숙면),5,8시간 초과,한달에 1~2회,하루에 1잔,아니오 (6번으로 이동),,없다,남자,50대,기혼,3~5인 가구,대학교 졸업,사무직,월 700만원 이상,
2022/06/07 4:11:35 오후 GMT+9,예 (1-1번으로 이동),"비타민C;비타민D;무기질 (마그네슘, 칼슘, 철분 등);오메가3;유산균;루테인, 지아잔틴 등 (눈 건강);밀크씨슬, 우루사 등 (간 건강)",예,예,예,피로감이 많이 느낄때,음주나 운동후,예 (1-1번으로 이동),피로회복을 위해;불규칙한 식사의 영양소 보충을 위해,,예,예,예,아니오,예,아니오,4,4,4,4,4,4,주변의 효과와 경험담 소개,4,2~3만원 미만,5,4,1,4,유튜브,"유튜브;포털사이트 (구글, 네이버, 다음 등)",4,4,5,5,5,한달 1~2회 정도,규칙적인 운동;좋은 식습관,4,6~8시간,일주일에 4~5회,하루에 1잔,아니오 (6번으로 이동),,없다,여자,50대,기혼,3~5인 가구,고졸이하,사무직,월 700만원 이상,
2022/06/07 4:12:04 오후 GMT+9,예 (1-1번으로 이동),"비타민C;비타민D;비타민B;무기질 (마그네슘, 칼슘, 철분 등);오메가3;유산균;루테인, 지아잔틴 등 (눈 건강)",예,예,예,몸에 문제가 생겼을 때,출퇴근길,잘 모르겠음 (2번으로 이동),,,아니오,아니오,아니오,예,아니오,아니오,3,3,4,3,5,2,주변의 효과와 경험담 소개;제품의 표지 등에 표시된 제품 정보;원하는 성분과 그 함량;적정 가격,4,2~3만원 미만,4,3,4,4,유튜브;인스타그램,"유튜브;포털사이트 (구글, 네이버, 다음 등);신문/뉴스포털;지인",2,3,4,3,2,주 1~2회,"비타민, 무기질 등 영양제 섭취",3,6~8시간,전혀 마시지 않는다,일주일에 1~3잔,아니오 (6번으로 이동),,없다,여자,20대,미혼,2인 가구,대학교 졸업,프리랜서,월 100만원 미만,
2022/06/07 4:13:38 오후 GMT+9,아니오 (2번으로 이동),,아니오,아니오,아니오,50대를 넘어가니  건강이 신경을 써야 한다 생각됨,직장 근무후 퇴근길,예 (1-1번으로 이동),피로회복을 위해;질병의 예방 및 치료를 위해,,예,아니오,예,아니오,,,3,3,3,3,3,1,주변의 효과와 경험담 소개;제조사(상표) 신뢰도,4,2~3만원 미만,4,4,4,3,유튜브;네이버카페;온라인/모바일앱 커뮤니티 (네이버카페 외);신문/뉴스포털,"유튜브;포털사이트 (구글, 네이버, 다음 등);네이버카페;온라인/모바일앱 커뮤니티 (네이버카페 외);신문/뉴스포털",3,3,4,3,3,주 1~2회,규칙적인 운동,3,6~8시간,한달에 3~4회,하루에 1잔,아니오 (6번으로 이동),,있다,남자,50대,기혼,3~5인 가구,고졸이하,사무직,월 400~500만원 미만,
2022/06/07 4:13:59 오후 GMT+9,예 (1-1번으로 이동),종합비타민;오메가3,예,예,예,잦은 피로감,과음 및 과다한 업무,예 (1-1번으로 이동),피로회복을 위해;일상의 활력 충전을 위해,,예,예,예,아니오,예,아니오,4,5,5,5,1,1,주변의 효과와 경험담 소개;원하는 성분과 그 함량,5,2~3만원 미만,5,4,5,1,유튜브;네이버카페;TV시청,유튜브;네이버카페;온라인/모바일앱 커뮤니티 (네이버카페 외);TV시청,3,5,5,5,5,주 1~2회,"비타민, 무기질 등 영양제 섭취",3,5~6시간,일주일에 2~3회,하루에 1잔,예 (5-1번으로 이동),10~20개비 미만,없다,남자,50대,기혼,3~5인 가구,고졸이하,전문직,월 700만원 이상,
2022/06/07 4:14:45 오후 GMT+9,예 (1-1번으로 이동),"종합비타민;무기질 (마그네슘, 칼슘, 철분 등);루테인, 지아잔틴 등 (눈 건강);밀크씨슬, 우루사 등 (간 건강)",예,예,예,감기걸렸을때? 정신이 아득해질때?,일하면서 운동하면서 더운날씨,예 (1-1번으로 이동),피로회복을 위해;불규칙한 식사의 영양소 보충을 위해;질병의 예방 및 치료를 위해;일상의 활력 충전을 위해;피부 미용을 위해;건강 유지를 위해,,예,예,예,아니오,아니오,아니오,4,4,4,4,3,3,원하는 성분과 그 함량;적정 가격,3,1~2만원 미만,5,3,2,4,유튜브;인스타그램;네이버카페,유튜브;인스타그램;네이버카페;신문/뉴스포털;지인,3,4,5,5,3,주 3~5회,"규칙적인 운동;규칙적인 생활;비타민, 무기질 등 영양제 섭취;정기적인 건강검진",3,5~6시간,한달에 3~4회,한달에 1~3잔,아니오 (6번으로 이동),,있다,남자,30대,미혼,1인 가구,대학교 졸업,군인,월 200~300만원 미만,
2022/06/07 4:17:28 오후 GMT+9,예 (1-1번으로 이동),"비타민C;비타민D;오메가3;유산균;루테인, 지아잔틴 등 (눈 건강)",예,예,예,몸이 예전 같지 않을 때... 피로를 쉽게 느낄 때...,스트레스와 불면일때...,예 (1-1번으로 이동),피로회복을 위해;건강 유지를 위해,,예,아니오,아니오,아니오,예,아니오,5,5,5,5,1,1,"원하는 성분과 그 함량;판매처(온라인, 약국, 건강기능식품 매장, 해외직구 등)",3,2~3만원 미만,5,3,2,5,유튜브;온라인/모바일앱 커뮤니티 (네이버카페 외);TV시청,"포털사이트 (구글, 네이버, 다음 등);지인",5,5,5,5,5,주 1~2회,규칙적인 생활,3,6~8시간,한달에 1~2회,하루에 1잔,아니오 (6번으로 이동),,없다,여자,50대,기혼,2인 가구,전문대 졸,프리랜서,월 300~400만원 미만,
2022/06/07 4:18:02 오후 GMT+9,예 (1-1번으로 이동),비타민C;오메가3,예,예,예,혈액 순환이 안된다고 느끼고,잠을 많이 못잤을때,예 (1-1번으로 이동),건강 유지를 위해,,예,예,예,아니오,예,아니오,5,5,5,5,5,5,주변의 효과와 경험담 소개,5,3~4만원 미만,5,5,1,3,유튜브;네이버카페;TV시청;라디오 청취;신문/뉴스포털,유튜브;네이버카페;TV시청;라디오 청취;신문/뉴스포털,5,5,5,5,5,매일한다,규칙적인 운동;좋은 식습관;규칙적인 생활,4,5~6시간,한달에 1~2회,한달에 1~3잔,아니오 (6번으로 이동),,없다,남자,50대,기혼,3~5인 가구,전문대 졸,사무직,월 400~500만원 미만,
2022/06/07 4:22:47 오후 GMT+9,예 (1-1번으로 이동),종합비타민;오메가3,예,예,예,몸이나른해서,잠이부족할때,예 (1-1번으로 이동),질병의 예방 및 치료를 위해;건강 유지를 위해,,예,예,예,아니오,예,아니오,4,4,3,3,4,4,"판매처(온라인, 약국, 건강기능식품 매장, 해외직구 등)",3,3~4만원 미만,3,4,2,3,온라인/모바일앱 커뮤니티 (네이버카페 외);TV시청;신문/뉴스포털,"포털사이트 (구글, 네이버, 다음 등);TV시청;신문/뉴스포털",5,5,4,4,2,주 1~2회,"규칙적인 운동;비타민, 무기질 등 영양제 섭취",3,8시간 초과,전혀 마시지 않는다,하루에 1잔,아니오 (6번으로 이동),,없다,남자,60대 이상,기혼,2인 가구,전문대 졸,사무직,월 200~300만원 미만,
2022/06/07 4:24:26 오후 GMT+9,예 (1-1번으로 이동),"종합비타민;비타민C;비타민D;오메가3;유산균;루테인, 지아잔틴 등 (눈 건강)",예,아니오,아니오,"관절이 슬슬 아플때, 취침시간이 빨라질때",,잘 모르겠음 (2번으로 이동),,,예,아니오,예,아니오,,,4,2,2,1,1,1,주변의 효과와 경험담 소개;제조사(상표) 신뢰도;제품의 표지 등에 표시된 제품 정보;원하는 성분과 그 함량,2,3~4만원 미만,5,5,5,4,유튜브;인스타그램;페이스북;트위터;네이버카페;온라인/모바일앱 커뮤니티 (네이버카페 외),"포털사이트 (구글, 네이버, 다음 등);네이버카페;온라인/모바일앱 커뮤니티 (네이버카페 외)",5,5,5,5,5,주 1~2회,"비타민, 무기질 등 영양제 섭취;정기적인 건강검진",3,5~6시간,한달에 1~2회,하루에 2잔 이상,아니오 (6번으로 이동),,없다,여자,20대,미혼,3~5인 가구,대학교 졸업,사무직,월 100~200만원 미만,
2022/06/07 4:24:43 오후 GMT+9,예 (1-1번으로 이동),"종합비타민;비타민C;비타민D;비타민B;무기질 (마그네슘, 칼슘, 철분 등);오메가3;유산균;루테인, 지아잔틴 등 (눈 건강);밀크씨슬, 우루사 등 (간 건강)",예,예,아니오,친지 건강 악화 소식/피로 회복 지체/시력 감퇴 등,음주/흡연/불규칙적 생활,예 (1-1번으로 이동),피로회복을 위해;질병의 예방 및 치료를 위해;일상의 활력 충전을 위해;피부 미용을 위해;건강 유지를 위해;의사/약사 등 전문가의 권유에 의해,,예,예,예,아니오,예,아니오,4,4,4,4,5,5,주변의 효과와 경험담 소개;제조사(상표) 신뢰도;제품의 표지 등에 표시된 제품 정보;원하는 성분과 그 함량;적정 가격,3,5만원 이상,4,4,5,5,유튜브;네이버카페;지식인;신문/뉴스포털,"유튜브;포털사이트 (구글, 네이버, 다음 등);네이버카페;온라인/모바일앱 커뮤니티 (네이버카페 외);지식인;신문/뉴스포털",4,4,5,4,4,주 3~5회,규칙적인 운동,3,6~8시간,일주일에 2~3회,한달에 1~3잔,예 (5-1번으로 이동),5~10개비 미만,없다,남자,40대,기혼,3~5인 가구,대학교 졸업,전문직,월 700만원 이상,
2022/06/07 4:25:06 오후 GMT+9,예 (1-1번으로 이동),종합비타민;비타민C;오메가3;유산균,예,아니오,아니오,피로가 쌓여 다음날도 잘 회복되지않을때,"스트레스로 신경이 곤두섰을때
눈이 침침할때",예 (1-1번으로 이동),피로회복을 위해;질병의 예방 및 치료를 위해,,예,아니오,예,아니오,,,5,4,5,5,1,1,제조사(상표) 신뢰도;제품의 표지 등에 표시된 제품 정보,4,2~3만원 미만,5,5,5,4,유튜브;온라인/모바일앱 커뮤니티 (네이버카페 외);TV시청,"포털사이트 (구글, 네이버, 다음 등);온라인/모바일앱 커뮤니티 (네이버카페 외);TV시청;지인",3,3,5,5,3,한달 1~2회 정도,좋은 식습관;규칙적인 생활,4,6~8시간,한달에 1~2회,하루에 2잔 이상,아니오 (6번으로 이동),,없다,여자,40대,기혼,3~5인 가구,고졸이하,생산직,월 200~300만원 미만,
2022/06/07 4:25:36 오후 GMT+9,예 (1-1번으로 이동),종합비타민,예,예,아니오,"네
","운동
",예 (1-1번으로 이동),질병의 예방 및 치료를 위해,균형잡힌 식생활 만으로 충분하다,예,예,예,아니오,예,아니오,5,5,5,5,5,5,제품의 표지 등에 표시된 제품 정보,5,3~4만원 미만,5,5,5,5,유튜브;인스타그램;페이스북;네이버카페;온라인/모바일앱 커뮤니티 (네이버카페 외);TV시청;신문/뉴스포털,유튜브;인스타그램;페이스북;네이버카페,5,5,5,5,5,주 1~2회,규칙적인 운동;좋은 식습관;규칙적인 생활,3,5~6시간,한달에 3~4회,하루에 2잔 이상,아니오 (6번으로 이동),,,남자,50대,기혼,3~5인 가구,대학교 졸업,사무직,월 700만원 이상,
2022/06/07 4:26:25 오후 GMT+9,예 (1-1번으로 이동),"비타민C;비타민B;유산균;루테인, 지아잔틴 등 (눈 건강)",예,예,예,,,예 (1-1번으로 이동),피로회복을 위해,,아니오,아니오,아니오,아니오,예,아니오,4,3,4,4,3,2,주변의 효과와 경험담 소개;제조사(상표) 신뢰도;적정 가격,4,2~3만원 미만,4,4,2,4,유튜브;신문/뉴스포털,"포털사이트 (구글, 네이버, 다음 등);지식인;지인",4,4,5,4,4,주 1~2회,좋은 식습관;규칙적인 생활,3,5~6시간,한달에 1~2회,하루에 1잔,아니오 (6번으로 이동),,없다,여자,30대,미혼,3~5인 가구,대학교 졸업,학생,소득 없음,
2022/06/07 4:27:20 오후 GMT+9,예 (1-1번으로 이동),"종합비타민;비타민C;비타민B;밀크씨슬, 우루사 등 (간 건강)",예,예,예,아픈 후,"잠을 잘 못잤을 때, 장시간 운전시",아니오 (1-2번으로 이동),,효과가 없다,예,예,아니오,아니오,예,아니오,3,1,1,1,1,1,제조사(상표) 신뢰도;원하는 성분과 그 함량,5,2~3만원 미만,5,5,2,2,유튜브;네이버카페,"유튜브;포털사이트 (구글, 네이버, 다음 등);네이버카페;TV시청",5,5,5,5,3,주 1~2회,좋은 식습관;규칙적인 생활,4,5~6시간,한달에 3~4회,하루에 1잔,아니오 (6번으로 이동),,있다,남자,50대,기혼,3~5인 가구,대학교 졸업,사무직,월 500~600만원 미만,
2022/06/07 4:28:40 오후 GMT+9,예 (1-1번으로 이동),종합비타민;비타민C;비타민B;오메가3,예,예,예,당뇨병,과다운동,예 (1-1번으로 이동),일상의 활력 충전을 위해,,예,아니오,아니오,아니오,아니오,아니오,4,4,4,4,5,4,주변의 효과와 경험담 소개,4,3~4만원 미만,4,4,3,4,유튜브;네이버카페;TV시청;신문/뉴스포털,"유튜브;포털사이트 (구글, 네이버, 다음 등);네이버카페;TV시청;신문/뉴스포털",4,4,4,4,5,주 3~5회,규칙적인 운동;규칙적인 생활,3,5~6시간,한달에 3~4회,하루에 1잔,아니오 (6번으로 이동),,있다,남자,50대,기혼,3~5인 가구,대학교 졸업,사무직,월 700만원 이상,
2022/06/07 4:29:06 오후 GMT+9,예 (1-1번으로 이동),종합비타민;비타민C;비타민B;유산균,예,예,예,구내염이 났을 때,잠을 충분히 못잤을 때,예 (1-1번으로 이동),피로회복을 위해,,예,아니오,예,예,예,아니오,4,5,5,5,4,1,"제조사(상표) 신뢰도;원하는 성분과 그 함량;적정 가격;제품의 형태(알약, 분말, 액상, 발포형)",4,2~3만원 미만,4,4,4,4,유튜브;인스타그램;네이버카페;온라인/모바일앱 커뮤니티 (네이버카페 외);지식인;TV시청;신문/뉴스포털,"유튜브;인스타그램;포털사이트 (구글, 네이버, 다음 등);네이버카페;온라인/모바일앱 커뮤니티 (네이버카페 외);TV시청;신문/뉴스포털",4,5,4,4,4,주 1~2회,"규칙적인 운동;좋은 식습관;규칙적인 생활;비타민, 무기질 등 영양제 섭취",4,6~8시간,한달에 3~4회,하루에 2잔 이상,아니오 (6번으로 이동),,없다,여자,20대,미혼,3~5인 가구,대학교 졸업,취준생,소득 없음,
2022/06/07 4:29:11 오후 GMT+9,예 (1-1번으로 이동),"종합비타민;비타민C;비타민D;비타민B;무기질 (마그네슘, 칼슘, 철분 등);오메가3;유산균;루테인, 지아잔틴 등 (눈 건강);밀크씨슬, 우루사 등 (간 건강)",예,예,예,코로나 휴유증 오래갈때/어딘가가 안좋아진다고 느낄때 ,잠을잘못잘때/몸이무거울때/의욕이없을때 ,예 (1-1번으로 이동),피로회복을 위해;질병의 예방 및 치료를 위해;일상의 활력 충전을 위해;의사/약사 등 전문가의 권유에 의해,,예,아니오,아니오,예,아니오,아니오,4,5,5,5,1,1,제조사(상표) 신뢰도;제품의 표지 등에 표시된 제품 정보;원하는 성분과 그 함량;적정 가격,4,2~3만원 미만,5,3,1,5,유튜브;인스타그램;네이버카페,"유튜브;포털사이트 (구글, 네이버, 다음 등);네이버카페",4,5,5,5,5,주 1~2회,"규칙적인 운동;비타민, 무기질 등 영양제 섭취",2,5시간 미만,한달에 1~2회,하루에 1잔,아니오 (6번으로 이동),,없다,여자,30대,미혼,3~5인 가구,대학교 졸업,학생,소득 없음,
2022/06/07 4:29:22 오후 GMT+9,예 (1-1번으로 이동),"종합비타민;비타민C;비타민D;비타민B;오메가3;유산균;밀크씨슬, 우루사 등 (간 건강)",예,예,예,몸이,내 몸이 전과 다를때~~~,잘 모르겠음 (2번으로 이동),,,예,아니오,아니오,아니오,아니오,아니오,2,2,2,2,2,5,제조사(상표) 신뢰도,4,,5,5,3,2,네이버카페;온라인/모바일앱 커뮤니티 (네이버카페 외);지식인;TV시청;라디오 청취;신문/뉴스포털,"포털사이트 (구글, 네이버, 다음 등);네이버카페;온라인/모바일앱 커뮤니티 (네이버카페 외);지식인;신문/뉴스포털",4,5,3,3,3,매일한다,규칙적인 운동;좋은 식습관;규칙적인 생활;정기적인 건강검진,4,6~8시간,일주일에 2~3회,하루에 2잔 이상,아니오 (6번으로 이동),,없다,남자,50대,기혼,3~5인 가구,고졸이하,생산직,월 200~300만원 미만,
2022/06/07 4:31:33 오후 GMT+9,예 (1-1번으로 이동),비타민D;비타민B;유산균,예,예,예,,,아니오 (1-2번으로 이동),,효과가 없다;균형잡힌 식생활 만으로 충분하다,예,아니오,아니오,예,아니오,아니오,2,2,2,2,5,5,원하는 성분과 그 함량,3,2~3만원 미만,4,3,1,1,유튜브,유튜브;네이버카페,4,4,3,3,4,거의 안한다,특별히 신경쓰지 않는다,3,6~8시간,전혀 마시지 않는다,하루에 2잔 이상,아니오 (6번으로 이동),,없다,여자,30대,,,대학교 졸업,학생,,
2022/06/07 4:33:11 오후 GMT+9,예 (1-1번으로 이동),"종합비타민;비타민D;유산균;루테인, 지아잔틴 등 (눈 건강);밀크씨슬, 우루사 등 (간 건강)",예,아니오,아니오,잠에서 깨도 깨운하지 않을 때,아침 기싱 직후,예 (1-1번으로 이동),피로회복을 위해;건강 유지를 위해,,예,아니오,예,아니오,,,4,4,3,3,1,1,제조사(상표) 신뢰도;제품의 표지 등에 표시된 제품 정보;적정 가격,5,2~3만원 미만,5,5,5,1,유튜브;인스타그램,유튜브,5,5,4,2,4,주 3~5회,규칙적인 운동;좋은 식습관;정기적인 건강검진,4,6~8시간,일주일에 2~3회,하루에 2잔 이상,아니오 (6번으로 이동),,없다,남자,20대,미혼,1인 가구,대학교 졸업,전문직,월 200~300만원 미만,
2022/06/07 4:34:03 오후 GMT+9,예 (1-1번으로 이동),유산균,예,아니오,아니오,운동할 때,"밤을 샌 다음날,
친구를 만난 다음날",잘 모르겠음 (2번으로 이동),,,예,예,예,아니오,아니오,제가 먹으려고 구매한게 아니라 부모님이 필요하셔서,4,5,4,4,5,4,제조사(상표) 신뢰도;제품의 표지 등에 표시된 제품 정보;원하는 성분과 그 함량;적정 가격,5,2~3만원 미만,5,5,3,1,유튜브;인스타그램,유튜브;인스타그램,3,4,4,3,2,주 1~2회,"규칙적인 운동;좋은 식습관;규칙적인 생활;비타민, 무기질 등 영양제 섭취;정기적인 건강검진",3,5~6시간,한달에 1~2회,하루에 1잔,아니오 (6번으로 이동),,없다,여자,20대,미혼,3~5인 가구,대학교 재학,학생,월 100만원 미만,
2022/06/07 4:34:30 오후 GMT+9,예 (1-1번으로 이동),"오메가3;루테인, 지아잔틴 등 (눈 건강)",예,아니오,아니오,아파서 해야 할 일을 못할때,수면시간이 부족할때,잘 모르겠음 (2번으로 이동),,,아니오,아니오,아니오,아니오,,,1,1,2,2,4,4,주변의 효과와 경험담 소개,2,2~3만원 미만,5,4,3,2,유튜브;인스타그램;TV시청,"유튜브;인스타그램;포털사이트 (구글, 네이버, 다음 등);지식인;지인",2,2,4,4,4,주 3~5회,규칙적인 운동,5,6~8시간,한달에 1~2회,한달에 1~3잔,아니오 (6번으로 이동),,있다,남자,20대,미혼,3~5인 가구,대학교 재학,학생,소득 없음,
2022/06/07 4:35:38 오후 GMT+9,예 (1-1번으로 이동),종합비타민;비타민D;비타민B;오메가3,예,예,예,피로감이 느껴질때,숙면을 못할때,예 (1-1번으로 이동),피로회복을 위해;일상의 활력 충전을 위해,,예,아니오,아니오,아니오,예,아니오,5,4,4,4,5,1,"적정 가격;판매처(온라인, 약국, 건강기능식품 매장, 해외직구 등)",5,2~3만원 미만,4,1,1,5,유튜브;네이버카페;온라인/모바일앱 커뮤니티 (네이버카페 외);TV시청,"유튜브;포털사이트 (구글, 네이버, 다음 등);네이버카페;온라인/모바일앱 커뮤니티 (네이버카페 외)",5,4,3,3,4,주 1~2회,규칙적인 생활,4,6~8시간,한달에 1~2회,하루에 2잔 이상,아니오 (6번으로 이동),,없다,남자,30대,기혼,3~5인 가구,대학교 졸업,사무직,월 300~400만원 미만,
2022/06/07 4:43:31 오후 GMT+9,예 (1-1번으로 이동),"비타민C;무기질 (마그네슘, 칼슘, 철분 등);오메가3;루테인, 지아잔틴 등 (눈 건강);밀크씨슬, 우루사 등 (간 건강)",예,예,예,남들도 섭취하니깐 나도 먹어보는거지요,과음 했을때 간의피로 우루사 즐겨 먹습니다,예 (1-1번으로 이동),피로회복을 위해;질병의 예방 및 치료를 위해;건강 유지를 위해,,예,예,예,예,예,아니오,5,5,5,5,5,1,"제조사(상표) 신뢰도;적정 가격;판매처(온라인, 약국, 건강기능식품 매장, 해외직구 등)",5,4~5만원 미만,5,5,5,5,유튜브;TV시청;라디오 청취;신문/뉴스포털,TV시청;라디오 청취;신문/뉴스포털,5,5,5,5,5,주 3~5회,"비타민, 무기질 등 영양제 섭취;정기적인 건강검진",4,6~8시간,일주일에 4~5회,하루에 1잔,예 (5-1번으로 이동),10~20개비 미만,없다,남자,50대,기혼,2인 가구,대학교 졸업,사무직,월 600~700만원 미만,
2022/06/07 4:43:32 오후 GMT+9,예 (1-1번으로 이동),"종합비타민;비타민C;무기질 (마그네슘, 칼슘, 철분 등);오메가3;유산균;밀크씨슬, 우루사 등 (간 건강)",예,아니오,아니오,피로가 풀리지않고 무기력함이 지속될 때,"신체 활동 (운동,외부활동 등) 후에 회복하지 못할 때",잘 모르겠음 (2번으로 이동),,사놓고 잘 먹지 않는다.,아니오,아니오,아니오,아니오,,,1,1,1,1,5,5,제품의 표지 등에 표시된 제품 정보;원하는 성분과 그 함량,4,3~4만원 미만,5,4,5,,유튜브;인스타그램,"유튜브;인스타그램;포털사이트 (구글, 네이버, 다음 등);지인",5,5,5,5,5,주 3~5회,규칙적인 운동;좋은 식습관;규칙적인 생활,3,5~6시간,한달에 3~4회,하루에 1잔,아니오 (6번으로 이동),,없다,여자,30대,미혼,3~5인 가구,대학교 졸업,자영업,월 100~200만원 미만,
2022/06/07 4:43:43 오후 GMT+9,예 (1-1번으로 이동),"종합비타민;루테인, 지아잔틴 등 (눈 건강)",예,예,예,피곤함을 느끼고 빠른 피로회복을 원할때.,운동이나  스트레스를 받았을때,예 (1-1번으로 이동),피로회복을 위해;질병의 예방 및 치료를 위해;의사/약사 등 전문가의 권유에 의해,가격이 비싸다;부정적인 후기 때문에 우려가 된다,예,예,예,예,예,아니오,5,4,4,3,5,1,"주변의 효과와 경험담 소개;제조사(상표) 신뢰도;판매처(온라인, 약국, 건강기능식품 매장, 해외직구 등)",5,2~3만원 미만,5,5,5,5,유튜브;온라인/모바일앱 커뮤니티 (네이버카페 외);TV시청,유튜브;온라인/모바일앱 커뮤니티 (네이버카페 외);TV시청;신문/뉴스포털,5,5,5,5,5,주 1~2회,"규칙적인 운동;좋은 식습관;규칙적인 생활;비타민, 무기질 등 영양제 섭취",5,5~6시간,일주일에 2~3회,하루에 2잔 이상,아니오 (6번으로 이동),,있다,남자,50대,기혼,3~5인 가구,대학교 졸업,사무직,월 700만원 이상,
2022/06/07 4:47:53 오후 GMT+9,예 (1-1번으로 이동),"종합비타민;비타민C;비타민D;무기질 (마그네슘, 칼슘, 철분 등);오메가3;유산균;루테인, 지아잔틴 등 (눈 건강)",예,아니오,아니오,체력이 떨어지는 것 같은 느낌이 들 때.. 밤샘이 너무 힘들 때..,,잘 모르겠음 (2번으로 이동),,,아니오,아니오,아니오,아니오,,,2,2,1,1,5,3,"주변의 효과와 경험담 소개;원하는 성분과 그 함량;적정 가격;제품의 형태(알약, 분말, 액상, 발포형)",4,3~4만원 미만,5,4,2,2,유튜브;인스타그램;페이스북;트위터;네이버카페;온라인/모바일앱 커뮤니티 (네이버카페 외);지식인;TV시청;라디오 청취;신문/뉴스포털,"유튜브;인스타그램;포털사이트 (구글, 네이버, 다음 등);지식인;신문/뉴스포털;지인",4,3,4,4,2,주 3~5회,"규칙적인 운동;좋은 식습관;규칙적인 생활;비타민, 무기질 등 영양제 섭취",4,6~8시간,일주일에 4~5회,전혀 마시지 않는다,아니오 (6번으로 이동),,없다,여자,20대,미혼,3~5인 가구,대학교 졸업,프리랜서,월 100~200만원 미만,
2022/06/07 4:48:38 오후 GMT+9,예 (1-1번으로 이동),"종합비타민;무기질 (마그네슘, 칼슘, 철분 등);유산균;루테인, 지아잔틴 등 (눈 건강)",예,아니오,아니오,몸 건강이 악화되었을 때 건강을 잘 챙겨야겠다고 느낍니다.,모든 순간...,예 (1-1번으로 이동),피로회복을 위해;질병의 예방 및 치료를 위해;건강 유지를 위해,,아니오,아니오,예,아니오,,,3,3,3,,4,4,원하는 성분과 그 함량;적정 가격,4,2~3만원 미만,5,4,3,4,유튜브;인스타그램;페이스북;트위터;TV시청,"유튜브;인스타그램;페이스북;트위터;포털사이트 (구글, 네이버, 다음 등);네이버카페;지식인;TV시청;신문/뉴스포털;지인",4,5,4,4,5,주 1~2회,"규칙적인 운동;좋은 식습관;비타민, 무기질 등 영양제 섭취;정기적인 건강검진",3,6~8시간,한달에 1~2회,전혀 마시지 않는다,아니오 (6번으로 이동),,있다,여자,20대,미혼,3~5인 가구,대학교 졸업,학생,월 100만원 미만,
2022/06/07 4:51:58 오후 GMT+9,예 (1-1번으로 이동),종합비타민;비타민D,예,예,아니오,종합검진 결과 비타민D 섭취 권유,,잘 모르겠음 (2번으로 이동),,건강하기 때문에 필요성을 느끼지 못한다,예,예,아니오,아니오,아니오,,3,2,2,2,1,1,제조사(상표) 신뢰도;원하는 성분과 그 함량;적정 가격,3,3~4만원 미만,4,4,3,2,유튜브;인스타그램;페이스북;네이버카페;온라인/모바일앱 커뮤니티 (네이버카페 외);TV시청,"유튜브;인스타그램;페이스북;포털사이트 (구글, 네이버, 다음 등);네이버카페",4,4,3,3,2,거의 안한다,규칙적인 운동;좋은 식습관;규칙적인 생활,3,5~6시간,한달에 1~2회,하루에 2잔 이상,예 (5-1번으로 이동),10~20개비 미만,있다,남자,50대,기혼,3~5인 가구,대학교 졸업,사무직,월 700만원 이상,
2022/06/07 4:54:03 오후 GMT+9,예 (1-1번으로 이동),"종합비타민;비타민C;비타민D;오메가3;유산균;루테인, 지아잔틴 등 (눈 건강);밀크씨슬, 우루사 등 (간 건강)",예,아니오,아니오,나이가 들면서 음식만으로 확보하기 어려운 것이라는 생각에,,잘 모르겠음 (2번으로 이동),,,예,아니오,예,아니오,아니오,아니오,4,4,4,4,3,1,제조사(상표) 신뢰도;제품의 표지 등에 표시된 제품 정보;적정 가격,3,1~2만원 미만,4,5,3,4,TV시청;신문/뉴스포털,"포털사이트 (구글, 네이버, 다음 등);지식인",4,4,4,4,4,주 1~2회,"규칙적인 운동;비타민, 무기질 등 영양제 섭취;정기적인 건강검진",3,5~6시간,한달에 1~2회,하루에 2잔 이상,아니오 (6번으로 이동),,없다,남자,50대,기혼,3~5인 가구,대학교 졸업,자영업,,
2022/06/07 4:54:20 오후 GMT+9,예 (1-1번으로 이동),비타민C;오메가3,예,예,예,체력저하,수면부족시,예 (1-1번으로 이동),피로회복을 위해,,예,예,예,아니오,예,아니오,3,3,4,2,3,2,제조사(상표) 신뢰도,5,4~5만원 미만,4,3,4,3,유튜브;페이스북;트위터;네이버카페;온라인/모바일앱 커뮤니티 (네이버카페 외);지식인;TV시청;신문/뉴스포털,유튜브;온라인/모바일앱 커뮤니티 (네이버카페 외);지식인;신문/뉴스포털,3,5,4,4,3,주 3~5회,규칙적인 운동;좋은 식습관,3,5~6시간,일주일에 2~3회,하루에 2잔 이상,아니오 (6번으로 이동),,없다,남자,50대,기혼,3~5인 가구,대학원,자영업,월 700만원 이상,
2022/06/07 4:54:52 오후 GMT+9,예 (1-1번으로 이동),"종합비타민;비타민C;비타민B;무기질 (마그네슘, 칼슘, 철분 등);오메가3;유산균;루테인, 지아잔틴 등 (눈 건강)",예,예,예,피곤할때,퇴근 후,예 (1-1번으로 이동),피로회복을 위해;피부 미용을 위해;건강 유지를 위해,,예,아니오,아니오,아니오,아니오,아니오,3,2,2,3,3,3,원하는 성분과 그 함량;적정 가격,4,2~3만원 미만,4,4,3,4,유튜브;인스타그램;네이버카페;TV시청;라디오 청취;신문/뉴스포털,유튜브;인스타그램,4,4,5,5,4,주 1~2회,"규칙적인 운동;좋은 식습관;비타민, 무기질 등 영양제 섭취",4,6~8시간,전혀 마시지 않는다,하루에 1잔,아니오 (6번으로 이동),,,여자,30대,미혼,3~5인 가구,대학교 졸업,전문직,월 300~400만원 미만,
2022/06/07 4:57:42 오후 GMT+9,예 (1-1번으로 이동),"비타민C;오메가3;루테인, 지아잔틴 등 (눈 건강)",예,아니오,아니오,네,음주 다음날,잘 모르겠음 (2번으로 이동),건강 유지를 위해,,예,예,예,아니오,,아니오,2,3,3,3,3,3,주변의 효과와 경험담 소개,3,3~4만원 미만,3,5,3,3,유튜브,"포털사이트 (구글, 네이버, 다음 등)",3,3,5,5,3,주 1~2회,"규칙적인 운동;비타민, 무기질 등 영양제 섭취;정기적인 건강검진",4,6~8시간,일주일에 2~3회,하루에 2잔 이상,예 (5-1번으로 이동),10~20개비 미만,있다,남자,50대,기혼,2인 가구,대학교 졸업,사무직,월 500~600만원 미만,
2022/06/07 4:59:17 오후 GMT+9,예 (1-1번으로 이동),"종합비타민;비타민C;비타민D;비타민B;무기질 (마그네슘, 칼슘, 철분 등);오메가3;유산균;루테인, 지아잔틴 등 (눈 건강)",예,예,예, 노화에 의한 여러가지증상이 생기면서 건강을 많이 챙기게됩니다,평소보다 많은 육체적 또는 정신적 노동을 할때,예 (1-1번으로 이동),피로회복을 위해;일상의 활력 충전을 위해;건강 유지를 위해,,예,아니오,예,예,,,4,3,3,3,1,5,주변의 효과와 경험담 소개;제조사(상표) 신뢰도;적정 가격,4,,4,4,4,2,유튜브;네이버카페;TV시청;라디오 청취;신문/뉴스포털,유튜브;네이버카페;TV시청;라디오 청취;신문/뉴스포털;지인,4,4,5,5,4,주 3~5회,규칙적인 운동;좋은 식습관;정기적인 건강검진,2,6~8시간,한달에 1~2회,하루에 1잔,아니오 (6번으로 이동),,없다,여자,50대,기혼,3~5인 가구,대학교 졸업,주부,월 600~700만원 미만,
2022/06/07 5:00:44 오후 GMT+9,예 (1-1번으로 이동),비타민C;비타민B;오메가3;유산균,예,예,예,공부하다가 체력이 저조하다고 느낄때,수면패턴이 흐트러질때,잘 모르겠음 (2번으로 이동),,,예,예,아니오,아니오,아니오,아니오,3,3,3,3,1,2,제조사(상표) 신뢰도;제품의 표지 등에 표시된 제품 정보;원하는 성분과 그 함량;적정 가격,1,3~4만원 미만,4,3,3,3,유튜브;인스타그램;페이스북,"인스타그램;페이스북;포털사이트 (구글, 네이버, 다음 등);지인",4,4,4,3,5,한달 1~2회 정도,"규칙적인 생활;비타민, 무기질 등 영양제 섭취",3,6~8시간,한달에 3~4회,하루에 1잔,아니오 (6번으로 이동),,없다,여자,20대,미혼,3~5인 가구,대학교 재학,학생,월 100~200만원 미만,
2022/06/07 5:02:03 오후 GMT+9,예 (1-1번으로 이동),비타민B;유산균,예,예,예,피로를 많이 느끼거나 외부 자극에 쉽게 지칠때,,아니오 (1-2번으로 이동),,과거 부작용이 있었다 (이 경우 어떤 부작용이었는지 기타란에 적어주세요);두드러기,예,아니오,아니오,예,예,두드러기,3,5,5,5,2,1,주변의 효과와 경험담 소개;제조사(상표) 신뢰도,1,4~5만원 미만,3,5,5,5,유튜브;인스타그램;온라인/모바일앱 커뮤니티 (네이버카페 외),"포털사이트 (구글, 네이버, 다음 등);온라인/모바일앱 커뮤니티 (네이버카페 외)",5,3,5,5,5,거의 안한다,규칙적인 운동;좋은 식습관,2,6~8시간,한달에 1~2회,일주일에 1~3잔,아니오 (6번으로 이동),,없다,여자,20대,미혼,3~5인 가구,대학원,학생,소득 없음,
2022/06/07 5:03:16 오후 GMT+9,예 (1-1번으로 이동),종합비타민,예,예,예,피로를 느낄때,수면부족,예 (1-1번으로 이동),피로회복을 위해,,예,예,예,아니오,예,아니오,5,5,5,4,3,1,주변의 효과와 경험담 소개,3,,3,4,2,3,유튜브;페이스북;네이버카페;TV시청;신문/뉴스포털,유튜브;페이스북;네이버카페;TV시청;신문/뉴스포털,3,4,5,3,3,거의 안한다,특별히 신경쓰지 않는다,3,6~8시간,일주일에 2~3회,하루에 2잔 이상,예 (5-1번으로 이동),10~20개비 미만,없다,남자,60대 이상,기혼,3~5인 가구,대학원,사무직,월 600~700만원 미만,
2022/06/07 5:04:13 오후 GMT+9,예 (1-1번으로 이동),"비타민D;무기질 (마그네슘, 칼슘, 철분 등);오메가3;유산균",예,아니오,아니오,종합검진후 부족한영양소가 있을때 꼭 챙겨야겠다고 생각이 듭니다,장거리여행후에 많이 피곤합니다.,예 (1-1번으로 이동),피로회복을 위해;불규칙한 식사의 영양소 보충을 위해;건강 유지를 위해,,예,예,예,아니오,아니오,아니오,3,3,2,2,1,2,주변의 효과와 경험담 소개;제조사(상표) 신뢰도,3,2~3만원 미만,3,3,2,3,유튜브;네이버카페;TV시청,"포털사이트 (구글, 네이버, 다음 등);네이버카페;지식인;TV시청;지인",1,1,1,2,2,매일한다,규칙적인 운동;좋은 식습관;정기적인 건강검진,3,6~8시간,전혀 마시지 않는다,하루에 1잔,아니오 (6번으로 이동),,있다,여자,50대,기혼,2인 가구,고졸이하,주부,월 100만원 미만,
2022/06/07 5:09:20 오후 GMT+9,예 (1-1번으로 이동),종합비타민,예,예,예,일상생활 중 체력의 한계를 경험했을때,,잘 모르겠음 (2번으로 이동),,,예,아니오,아니오,아니오,아니오,아니오,2,2,3,2,2,2,"제품의 표지 등에 표시된 제품 정보;제품의 형태(알약, 분말, 액상, 발포형)",4,2~3만원 미만,4,4,4,3,유튜브;인스타그램,"유튜브;인스타그램;포털사이트 (구글, 네이버, 다음 등)",4,4,4,4,4,주 1~2회,규칙적인 운동,4,6~8시간,한달에 1~2회,일주일에 1~3잔,아니오 (6번으로 이동),,없다,여자,20대,미혼,3~5인 가구,대학교 졸업,전문직,월 300~400만원 미만,
2022/06/07 5:10:20 오후 GMT+9,예 (1-1번으로 이동),"종합비타민;오메가3;유산균;밀크씨슬, 우루사 등 (간 건강)",예,아니오,아니오,급격하게 피곤할 때,아침에 일어나기 힘들 때,예 (1-1번으로 이동),피로회복을 위해;건강 유지를 위해,,예,아니오,아니오,아니오,아니오,아니오,4,3,3,4,2,2,주변의 효과와 경험담 소개;제조사(상표) 신뢰도;원하는 성분과 그 함량,4,2~3만원 미만,4,4,2,3,유튜브;인스타그램;TV시청,"인스타그램;포털사이트 (구글, 네이버, 다음 등)",4,3,3,3,4,주 1~2회,규칙적인 생활,4,5~6시간,한달에 3~4회,하루에 1잔,아니오 (6번으로 이동),,없다,여자,20대,미혼,1인 가구,대학원,전문직,월 300~400만원 미만,
2022/06/07 5:11:06 오후 GMT+9,예 (1-1번으로 이동),종합비타민;비타민D;유산균,아니오,아니오,아니오,야근할 때 집중이 예전만큼 되지 않을 때,야근 중,예 (1-1번으로 이동),피로회복을 위해;불규칙한 식사의 영양소 보충을 위해;질병의 예방 및 치료를 위해;일상의 활력 충전을 위해,,아니오,아니오,예,아니오,예,아니오,5,5,5,5,5,5,주변의 효과와 경험담 소개;제조사(상표) 신뢰도;적정 가격,5,2~3만원 미만,4,5,2,2,유튜브;인스타그램;신문/뉴스포털,"유튜브;인스타그램;포털사이트 (구글, 네이버, 다음 등);신문/뉴스포털;지인",5,5,4,3,1,한달 1~2회 정도,특별히 신경쓰지 않는다,5,5~6시간,한달에 1~2회,하루에 1잔,아니오 (6번으로 이동),,없다,남자,20대,미혼,3~5인 가구,대학교 졸업,학생,월 100만원 미만,
2022/06/07 5:13:27 오후 GMT+9,예 (1-1번으로 이동),"종합비타민;비타민C;오메가3;유산균;루테인, 지아잔틴 등 (눈 건강)",예,아니오,아니오,,,잘 모르겠음 (2번으로 이동),,,예,아니오,예,아니오,,,2,3,3,2,4,4,"주변의 효과와 경험담 소개;제조사(상표) 신뢰도;적정 가격;판매처(온라인, 약국, 건강기능식품 매장, 해외직구 등)",4,2~3만원 미만,4,4,4,5,유튜브;인스타그램,"유튜브;인스타그램;포털사이트 (구글, 네이버, 다음 등);온라인/모바일앱 커뮤니티 (네이버카페 외)",3,3,5,4,2,주 1~2회,규칙적인 운동;좋은 식습관;규칙적인 생활;정기적인 건강검진,3,5~6시간,한달에 3~4회,하루에 1잔,아니오 (6번으로 이동),,없다,여자,30대,미혼,3~5인 가구,대학원,사무직,월 500~600만원 미만,
2022/06/07 5:19:42 오후 GMT+9,예 (1-1번으로 이동),"종합비타민;무기질 (마그네슘, 칼슘, 철분 등);오메가3;유산균;루테인, 지아잔틴 등 (눈 건강)",예,아니오,아니오,"평소보다 피곤하다고 느낄때, 눈이 평소보다 좀 뻑뻑한 느낌일때.",안구 건조가 심해지거나 자고 일어났을때 개운하지 않을때,예 (1-1번으로 이동),피로회복을 위해;일상의 활력 충전을 위해,,예,아니오,아니오,아니오,,,3,3,3,3,1,3,"제품의 표지 등에 표시된 제품 정보;원하는 성분과 그 함량;적정 가격;제품의 형태(알약, 분말, 액상, 발포형)",5,1~2만원 미만,5,3,1,2,온라인/모바일앱 커뮤니티 (네이버카페 외),"포털사이트 (구글, 네이버, 다음 등)",5,5,4,4,5,한달 1~2회 정도,"규칙적인 운동;좋은 식습관;비타민, 무기질 등 영양제 섭취",3,6~8시간,한달에 1~2회,하루에 1잔,아니오 (6번으로 이동),,없다,여자,30대,기혼,2인 가구,대학원,전문직,월 200~300만원 미만,
2022/06/07 5:23:33 오후 GMT+9,예 (1-1번으로 이동),"종합비타민;비타민D;무기질 (마그네슘, 칼슘, 철분 등);유산균",예,아니오,아니오,건강검진결과 부족함 발견시,아침 기상시,잘 모르겠음 (2번으로 이동),,,아니오,아니오,아니오,아니오,,,2,2,2,2,1,3,제품의 표지 등에 표시된 제품 정보;적정 가격,4,2~3만원 미만,5,4,1,5,지식인;신문/뉴스포털,신문/뉴스포털,5,5,3,3,2,거의 안한다,좋은 식습관,1,6~8시간,매일,하루에 1잔,아니오 (6번으로 이동),,없다,여자,50대,기혼,3~5인 가구,대학교 졸업,전문직,월 300~400만원 미만,
2022/06/07 5:29:10 오후 GMT+9,예 (1-1번으로 이동),"종합비타민;비타민C;비타민B;오메가3;유산균;루테인, 지아잔틴 등 (눈 건강)",예,예,예,숙취가 심할 때,직장생활로 스트레스받을 때,예 (1-1번으로 이동),피로회복을 위해;불규칙한 식사의 영양소 보충을 위해;질병의 예방 및 치료를 위해;일상의 활력 충전을 위해;가족/친척/지인의 권유에 의해,,아니오,아니오,아니오,아니오,아니오,아니오,3,2,2,2,4,4,"제품의 표지 등에 표시된 제품 정보;원하는 성분과 그 함량;제품의 형태(알약, 분말, 액상, 발포형)",3,2~3만원 미만,5,4,2,4,인스타그램;네이버카페;TV시청,"유튜브;포털사이트 (구글, 네이버, 다음 등);네이버카페;지인",4,4,4,4,4,한달 1~2회 정도,좋은 식습관;규칙적인 생활,4,6~8시간,일주일에 4~5회,하루에 1잔,아니오 (6번으로 이동),,없다,여자,20대,기혼,2인 가구,대학교 졸업,사무직,월 300~400만원 미만,
2022/06/07 5:32:26 오후 GMT+9,예 (1-1번으로 이동),"종합비타민;비타민C;비타민D;비타민B;무기질 (마그네슘, 칼슘, 철분 등);오메가3;유산균;루테인, 지아잔틴 등 (눈 건강);밀크씨슬, 우루사 등 (간 건강)",예,예,예,지금.. 이순간... 지금 여기....,말로는 뭐라.. 할 수 없는... 이 순간...,예 (1-1번으로 이동),피로회복을 위해;불규칙한 식사의 영양소 보충을 위해;질병의 예방 및 치료를 위해;일상의 활력 충전을 위해;피부 미용을 위해;건강 유지를 위해,,아니오,아니오,아니오,아니오,예,아니오,5,5,5,5,1,1,"제조사(상표) 신뢰도;원하는 성분과 그 함량;판매처(온라인, 약국, 건강기능식품 매장, 해외직구 등)",5,1~2만원 미만,5,5,5,1,유튜브;인스타그램,유튜브;인스타그램,5,5,5,5,5,주 3~5회,"규칙적인 운동;좋은 식습관;규칙적인 생활;비타민, 무기질 등 영양제 섭취;정기적인 건강검진",5,5~6시간,일주일에 2~3회,하루에 2잔 이상,예 (5-1번으로 이동),10~20개비 미만,없다,남자,20대,미혼,1인 가구,대학교 졸업,사무직,월 200~300만원 미만,
2022/06/07 5:32:57 오후 GMT+9,예 (1-1번으로 이동),"종합비타민;비타민C;비타민D;비타민B;무기질 (마그네슘, 칼슘, 철분 등);오메가3;유산균;루테인, 지아잔틴 등 (눈 건강);밀크씨슬, 우루사 등 (간 건강)",예,예,아니오,나이가 들어 점점 몸이 예전 같지 않는 경우,육체적인 일을 한 뒤,잘 모르겠음 (2번으로 이동),,,예,아니오,아니오,예,아니오,아니오,3,3,3,4,5,1,주변의 효과와 경험담 소개;제조사(상표) 신뢰도,1,5만원 이상,5,5,5,3,유튜브;인스타그램;네이버카페;온라인/모바일앱 커뮤니티 (네이버카페 외);지식인;TV시청;신문/뉴스포털,"유튜브;인스타그램;포털사이트 (구글, 네이버, 다음 등);온라인/모바일앱 커뮤니티 (네이버카페 외);지식인;TV시청;신문/뉴스포털;지인",5,5,5,5,5,주 1~2회,좋은 식습관;규칙적인 생활;정기적인 건강검진,3,6~8시간,한달에 3~4회,하루에 1잔,아니오 (6번으로 이동),,없다,남자,20대,미혼,1인 가구,대학교 재학,학생,소득 없음,
2022/06/07 5:36:56 오후 GMT+9,아니오 (2번으로 이동),,아니오,아니오,아니오,계단 오를 때,밤을 새고나면,예 (1-1번으로 이동),피로회복을 위해;불규칙한 식사의 영양소 보충을 위해;건강 유지를 위해,,예,아니오,아니오,아니오,,,2,2,2,2,5,2,주변의 효과와 경험담 소개;제조사(상표) 신뢰도;적정 가격,4,2~3만원 미만,5,4,4,4,유튜브;인스타그램;트위터,"유튜브;포털사이트 (구글, 네이버, 다음 등);신문/뉴스포털",4,5,3,2,1,거의 안한다,특별히 신경쓰지 않는다,1,5~6시간,전혀 마시지 않는다,전혀 마시지 않는다,아니오 (6번으로 이동),,없다,여자,20대,미혼,1인 가구,고졸이하,사무직,월 300~400만원 미만,
2022/06/07 5:40:21 오후 GMT+9,예 (1-1번으로 이동),종합비타민;비타민C;비타민B;오메가3,예,예,아니오,아침에 일어나기 점점 더 힘들어질 때,"운동 한 다음 날, 과제 한 다음 날 등등",예 (1-1번으로 이동),피로회복을 위해;건강 유지를 위해,,아니오,아니오,예,아니오,아니오,아니오,4,3,3,3,4,4,주변의 효과와 경험담 소개;제조사(상표) 신뢰도;원하는 성분과 그 함량,3,3~4만원 미만,5,4,4,3,유튜브;페이스북;네이버카페;신문/뉴스포털,"유튜브;페이스북;포털사이트 (구글, 네이버, 다음 등);신문/뉴스포털",4,2,4,4,3,주 3~5회,규칙적인 운동;좋은 식습관;규칙적인 생활,5,6~8시간,한달에 3~4회,하루에 2잔 이상,아니오 (6번으로 이동),,있다,남자,30대,미혼,3~5인 가구,대학교 졸업,사무직,월 500~600만원 미만,
2022/06/07 5:46:28 오후 GMT+9,예 (1-1번으로 이동),"유산균;루테인, 지아잔틴 등 (눈 건강)",예,아니오,아니오,아토피,없음,아니오 (1-2번으로 이동),,효과가 없다,예,아니오,아니오,아니오,아니오,,1,1,1,1,1,1,주변의 효과와 경험담 소개,4,2~3만원 미만,4,5,5,1,유튜브;인스타그램,유튜브,2,2,4,4,2,주 3~5회,규칙적인 운동,4,6~8시간,전혀 마시지 않는다,일주일에 1~3잔,아니오 (6번으로 이동),,없다,여자,20대,미혼,3~5인 가구,대학교 졸업,사무직,월 100~200만원 미만,
2022/06/07 5:54:04 오후 GMT+9,예 (1-1번으로 이동),종합비타민;오메가3,예,아니오,아니오,다이어트시,연속된 업무중,잘 모르겠음 (2번으로 이동),,,예,아니오,아니오,아니오,아니오,아니오,1,1,1,1,3,2,주변의 효과와 경험담 소개;원하는 성분과 그 함량;적정 가격,5,2~3만원 미만,5,4,1,4,유튜브;인스타그램,유튜브;인스타그램,5,5,4,5,4,주 1~2회,규칙적인 운동;좋은 식습관,4,6~8시간,한달에 3~4회,하루에 1잔,예 (5-1번으로 이동),5~10개비 미만,있다,남자,20대,미혼,1인 가구,대학교 재학,학생,소득 없음,
2022/06/07 5:54:23 오후 GMT+9,예 (1-1번으로 이동),종합비타민;비타민C;비타민D;비타민B;유산균,예,예,예,피곤할때,잠을 많이 못 잘때,예 (1-1번으로 이동),피로회복을 위해;질병의 예방 및 치료를 위해;일상의 활력 충전을 위해;건강 유지를 위해,,예,예,예,아니오,,,4,4,4,4,4,4,"주변의 효과와 경험담 소개;제조사(상표) 신뢰도;원하는 성분과 그 함량;제품의 형태(알약, 분말, 액상, 발포형);판매처(온라인, 약국, 건강기능식품 매장, 해외직구 등)",4,2~3만원 미만,4,4,4,1,유튜브;인스타그램;TV시청,"포털사이트 (구글, 네이버, 다음 등);지식인;신문/뉴스포털",3,4,4,4,3,주 1~2회,규칙적인 운동;규칙적인 생활,4,5~6시간,일주일에 2~3회,하루에 1잔,금연중 (6번으로 이동),,없다,여자,20대,미혼,3~5인 가구,대학교 졸업,사무직,월 200~300만원 미만,
2022/06/07 6:05:10 오후 GMT+9,예 (1-1번으로 이동),"종합비타민;비타민C;비타민D;무기질 (마그네슘, 칼슘, 철분 등);오메가3;유산균;루테인, 지아잔틴 등 (눈 건강);밀크씨슬, 우루사 등 (간 건강)",예,아니오,아니오,면역력이 떨어져서 몸에 이상신호가 왔을 때,야근이 지속될 때,예 (1-1번으로 이동),피로회복을 위해;질병의 예방 및 치료를 위해;일상의 활력 충전을 위해,,예,아니오,예,아니오,,,3,3,3,3,2,2,주변의 효과와 경험담 소개;원하는 성분과 그 함량;적정 가격,4,3~4만원 미만,5,4,3,2,인스타그램;네이버카페;신문/뉴스포털,"포털사이트 (구글, 네이버, 다음 등);네이버카페;온라인/모바일앱 커뮤니티 (네이버카페 외);지식인;TV시청;신문/뉴스포털;지인",4,3,4,4,4,주 1~2회,"규칙적인 운동;좋은 식습관;규칙적인 생활;비타민, 무기질 등 영양제 섭취;정기적인 건강검진",3,6~8시간,전혀 마시지 않는다,한달에 1~3잔,아니오 (6번으로 이동),,없다,여자,20대,미혼,3~5인 가구,대학교 졸업,사무직,월 400~500만원 미만,
2022/06/07 6:05:24 오후 GMT+9,예 (1-1번으로 이동),종합비타민;비타민C;비타민B;오메가3;유산균,예,예,예,피곤하거나 주요 증상이 있을때,과로 스트레스 상황에서,예 (1-1번으로 이동),피로회복을 위해;질병의 예방 및 치료를 위해,,예,예,예,아니오,예,아니오,5,5,5,5,1,1,주변의 효과와 경험담 소개;제조사(상표) 신뢰도,2,2~3만원 미만,4,4,4,4,유튜브;네이버카페;신문/뉴스포털,"유튜브;포털사이트 (구글, 네이버, 다음 등);네이버카페",5,5,5,4,3,주 3~5회,"규칙적인 운동;좋은 식습관;규칙적인 생활;비타민, 무기질 등 영양제 섭취;정기적인 건강검진",3,6~8시간,한달에 1~2회,하루에 1잔,아니오 (6번으로 이동),,있다,여자,50대,기혼,3~5인 가구,대학교 졸업,자영업,월 300~400만원 미만,
2022/06/07 6:09:28 오후 GMT+9,예 (1-1번으로 이동),"비타민C;오메가3;유산균;루테인, 지아잔틴 등 (눈 건강)",예,아니오,아니오,아플때,술 마신 다음날,예 (1-1번으로 이동),질병의 예방 및 치료를 위해;피부 미용을 위해;건강 유지를 위해,,예,아니오,예,아니오,아니오,아니오,4,3,3,3,5,1,제품의 표지 등에 표시된 제품 정보;원하는 성분과 그 함량,4,3~4만원 미만,5,3,5,3,유튜브;네이버카페;온라인/모바일앱 커뮤니티 (네이버카페 외);TV시청;라디오 청취;신문/뉴스포털,"유튜브;포털사이트 (구글, 네이버, 다음 등);네이버카페;온라인/모바일앱 커뮤니티 (네이버카페 외);TV시청;라디오 청취;신문/뉴스포털;지인",4,5,5,5,5,주 1~2회,규칙적인 운동;좋은 식습관;규칙적인 생활,3,6~8시간,한달에 1~2회,하루에 1잔,아니오 (6번으로 이동),,없다,여자,40대,기혼,3~5인 가구,전문대 졸,사무직,월 700만원 이상,
2022/06/07 6:12:08 오후 GMT+9,예 (1-1번으로 이동),"종합비타민;비타민C;비타민B;무기질 (마그네슘, 칼슘, 철분 등);유산균;루테인, 지아잔틴 등 (눈 건강)",예,예,예,"피곤함을 많이 느낄때, 수면이 부족할때, ","집안청소후, 운동후, 사람들과 대화를 많이한날, 아이들과 놀아준날 ㅎㅎ ",예 (1-1번으로 이동),피로회복을 위해;일상의 활력 충전을 위해;건강 유지를 위해,가격이 비싸다,예,아니오,아니오,예,예,아니오,3,3,3,3,1,1,"주변의 효과와 경험담 소개;제조사(상표) 신뢰도;적정 가격;제품의 형태(알약, 분말, 액상, 발포형)",5,1~2만원 미만,3,4,4,4,유튜브;네이버카페;온라인/모바일앱 커뮤니티 (네이버카페 외);TV시청;신문/뉴스포털,"유튜브;포털사이트 (구글, 네이버, 다음 등);온라인/모바일앱 커뮤니티 (네이버카페 외);신문/뉴스포털;지인",4,4,4,4,4,주 3~5회,"규칙적인 운동;좋은 식습관;비타민, 무기질 등 영양제 섭취;정기적인 건강검진",4,6~8시간,일주일에 2~3회,하루에 2잔 이상,아니오 (6번으로 이동),,없다,여자,50대,기혼,3~5인 가구,전문대 졸,주부,월 700만원 이상,
2022/06/07 6:16:55 오후 GMT+9,예 (1-1번으로 이동),종합비타민;비타민D;오메가3;유산균,예,아니오,아니오,피곤할 때,,잘 모르겠음 (2번으로 이동),,건강하기 때문에 필요성을 느끼지 못한다;균형잡힌 식생활 만으로 충분하다,예,아니오,예,아니오,아니오,아니오,3,3,3,3,3,3,원하는 성분과 그 함량,3,1~2만원 미만,5,3,2,5,유튜브;인스타그램;신문/뉴스포털,유튜브;인스타그램;신문/뉴스포털,5,3,5,5,5,거의 안한다,좋은 식습관,3,6~8시간,한달에 1~2회,하루에 1잔,아니오 (6번으로 이동),,있다,여자,30대,미혼,1인 가구,대학교 졸업,학생,월 100만원 미만,
2022/06/07 6:19:06 오후 GMT+9,아니오 (2번으로 이동),,아니오,아니오,아니오,운동할때 (옛날에는 더 많이 했는데 이제 못할때),"학원갈때,숙제 많을때,학교갈때, 자고싶은데 못잘때",잘 모르겠음 (2번으로 이동),,,예,아니오,예,아니오,,,2,2,2,3,4,4,주변의 효과와 경험담 소개;제조사(상표) 신뢰도;원하는 성분과 그 함량,2,1~2만원 미만,4,4,4,2,유튜브;지식인;TV시청,"유튜브;인스타그램;페이스북;트위터;포털사이트 (구글, 네이버, 다음 등);지식인;지인",4,4,2,4,4,주 3~5회,규칙적인 운동;좋은 식습관,5,6~8시간,전혀 마시지 않는다,전혀 마시지 않는다,아니오 (6번으로 이동),,없다,여자,10대,미혼,3~5인 가구,고졸이하,학생,,
2022/06/07 6:19:30 오후 GMT+9,예 (1-1번으로 이동),"종합비타민;무기질 (마그네슘, 칼슘, 철분 등);유산균",예,예,예,피로감을 느낄때,아침에 못일어날때,예 (1-1번으로 이동),피로회복을 위해;일상의 활력 충전을 위해,,예,아니오,예,예,예,아니오,5,5,5,5,1,3,제조사(상표) 신뢰도;원하는 성분과 그 함량,1,4~5만원 미만,5,5,5,5,네이버카페;온라인/모바일앱 커뮤니티 (네이버카페 외),"포털사이트 (구글, 네이버, 다음 등);네이버카페;지인",4,3,4,3,2,주 3~5회,규칙적인 운동,4,5~6시간,한달에 1~2회,하루에 1잔,아니오 (6번으로 이동),,없다,여자,40대,기혼,3~5인 가구,고졸이하,주부,월 600~700만원 미만,
2022/06/07 6:20:59 오후 GMT+9,예 (1-1번으로 이동),"종합비타민;비타민C;비타민D;비타민B;무기질 (마그네슘, 칼슘, 철분 등);오메가3;유산균;루테인, 지아잔틴 등 (눈 건강);밀크씨슬, 우루사 등 (간 건강)",예,예,예,비타민을 먹으면 에너지가 생기는 느낌이다 ,잠을 못자거나 평소보다 스케쥴이 많을 때 ,예 (1-1번으로 이동),피로회복을 위해;일상의 활력 충전을 위해;피부 미용을 위해;건강 유지를 위해,,예,예,아니오,아니오,예,아니오,5,5,5,5,5,5,제조사(상표) 신뢰도;원하는 성분과 그 함량,5,4~5만원 미만,5,5,3,5,유튜브;TV시청,유튜브;온라인/모바일앱 커뮤니티 (네이버카페 외);TV시청,5,5,5,5,5,주 1~2회,"좋은 식습관;규칙적인 생활;비타민, 무기질 등 영양제 섭취;정기적인 건강검진",4,6~8시간,일주일에 2~3회,하루에 2잔 이상,아니오 (6번으로 이동),,없다,여자,40대,기혼,3~5인 가구,대학교 졸업,자영업,월 500~600만원 미만,
2022/06/07 6:21:07 오후 GMT+9,아니오 (2번으로 이동),,아니오,아니오,아니오,체력부족 느낄 때,압박감(스트레스) 주는 일이 있을 때,잘 모르겠음 (2번으로 이동),,,예,아니오,예,아니오,아니오,,4,4,4,4,1,2,제조사(상표) 신뢰도;원하는 성분과 그 함량;적정 가격,5,2~3만원 미만,5,4,1,3,온라인/모바일앱 커뮤니티 (네이버카페 외);TV시청;신문/뉴스포털,"포털사이트 (구글, 네이버, 다음 등);신문/뉴스포털",5,4,5,4,4,주 3~5회,"규칙적인 운동;좋은 식습관;규칙적인 생활;비타민, 무기질 등 영양제 섭취;정기적인 건강검진",4,6~8시간,한달에 3~4회,하루에 1잔,아니오 (6번으로 이동),,있다,남자,50대,기혼,3~5인 가구,대학교 졸업,사무직,월 700만원 이상,
2022/06/07 6:21:41 오후 GMT+9,예 (1-1번으로 이동),"종합비타민;비타민C;비타민B;오메가3;유산균;루테인, 지아잔틴 등 (눈 건강)",예,예,아니오,,,잘 모르겠음 (2번으로 이동),,,예,아니오,아니오,아니오,아니오,아니오,2,2,4,2,4,4,주변의 효과와 경험담 소개;제조사(상표) 신뢰도;원하는 성분과 그 함량,4,2~3만원 미만,5,3,2,4,유튜브;인스타그램;네이버카페;신문/뉴스포털,"유튜브;포털사이트 (구글, 네이버, 다음 등);네이버카페;신문/뉴스포털;지인",5,5,4,3,5,주 1~2회,"규칙적인 운동;좋은 식습관;규칙적인 생활;비타민, 무기질 등 영양제 섭취",4,6~8시간,한달에 1~2회,하루에 1잔,아니오 (6번으로 이동),,없다,여자,20대,미혼,3~5인 가구,대학원,학생,월 100~200만원 미만,
2022/06/07 6:22:34 오후 GMT+9,예 (1-1번으로 이동),"종합비타민;비타민D;무기질 (마그네슘, 칼슘, 철분 등);유산균",예,예,예,어지러움증 건망증 혈액순환등,스트레스받을때,예 (1-1번으로 이동),질병의 예방 및 치료를 위해;건강 유지를 위해,,예,예,아니오,예,예,아니오,4,4,4,4,1,5,제품의 표지 등에 표시된 제품 정보;원하는 성분과 그 함량;적정 가격,5,1~2만원 미만,5,3,5,5,유튜브;네이버카페;TV시청,"포털사이트 (구글, 네이버, 다음 등)",4,4,4,4,4,주 1~2회,규칙적인 운동;좋은 식습관;정기적인 건강검진,3,5~6시간,전혀 마시지 않는다,하루에 2잔 이상,아니오 (6번으로 이동),,있다,여자,40대,기혼,3~5인 가구,대학교 졸업,프리랜서,월 200~300만원 미만,
2022/06/07 6:23:25 오후 GMT+9,예 (1-1번으로 이동),"종합비타민;비타민C;비타민D;비타민B;무기질 (마그네슘, 칼슘, 철분 등);오메가3;유산균;루테인, 지아잔틴 등 (눈 건강);밀크씨슬, 우루사 등 (간 건강)",예,예,예,한 해 한 해 내 몸이 예전같지 않다는 느낌을 받을 때.,"육체적인 노동, 스트레스",예 (1-1번으로 이동),피로회복을 위해;불규칙한 식사의 영양소 보충을 위해;질병의 예방 및 치료를 위해;일상의 활력 충전을 위해;피부 미용을 위해;건강 유지를 위해,,예,예,아니오,예,예,아니오,4,4,4,4,4,4,"제조사(상표) 신뢰도;원하는 성분과 그 함량;적정 가격;제품의 형태(알약, 분말, 액상, 발포형)",4,1~2만원 미만,5,5,5,5,유튜브;인스타그램;네이버카페,"유튜브;인스타그램;포털사이트 (구글, 네이버, 다음 등);네이버카페;지인",4,4,4,4,4,주 3~5회,"규칙적인 운동;비타민, 무기질 등 영양제 섭취",3,5~6시간,한달에 3~4회,하루에 2잔 이상,아니오 (6번으로 이동),,없다,여자,40대,미혼,1인 가구,대학교 졸업,자영업,월 400~500만원 미만,
2022/06/07 6:26:43 오후 GMT+9,예 (1-1번으로 이동),"종합비타민;비타민C;비타민D;무기질 (마그네슘, 칼슘, 철분 등);유산균;루테인, 지아잔틴 등 (눈 건강)",예,예,예,다른기능서식품섭취가따로없으므로 노화의단계의 기본적섭취?,체럭이저하될때,아니오 (1-2번으로 이동),,별 효능을 모르겠음,아니오,아니오,아니오,예,아니오,아니오,3,2,2,2,3,3,주변의 효과와 경험담 소개,3,2~3만원 미만,3,3,3,3,온라인/모바일앱 커뮤니티 (네이버카페 외),온라인/모바일앱 커뮤니티 (네이버카페 외);지인,3,1,2,2,2,주 1~2회,정기적인 건강검진,3,8시간 초과,일주일에 2~3회,하루에 2잔 이상,아니오 (6번으로 이동),,있다,여자,40대,기혼,3~5인 가구,전문대 졸,주부,소득 없음,
2022/06/07 6:27:52 오후 GMT+9,예 (1-1번으로 이동),"무기질 (마그네슘, 칼슘, 철분 등);오메가3",예,아니오,아니오,몸이 쉽게 피로할 때,잠을 잘 못잤을 때,아니오 (1-2번으로 이동),,건강하기 때문에 필요성을 느끼지 못한다,예,아니오,아니오,예,아니오,아니오,1,1,1,1,5,5,주변의 효과와 경험담 소개,5,2~3만원 미만,5,5,5,5,온라인/모바일앱 커뮤니티 (네이버카페 외),"인스타그램;포털사이트 (구글, 네이버, 다음 등)",5,5,3,3,5,주 1~2회,특별히 신경쓰지 않는다,3,6~8시간,한달에 3~4회,일주일에 1~3잔,아니오 (6번으로 이동),,없다,여자,30대,기혼,3~5인 가구,대학교 졸업,주부,월 300~400만원 미만,
2022/06/07 6:28:41 오후 GMT+9,예 (1-1번으로 이동),"종합비타민;비타민D;무기질 (마그네슘, 칼슘, 철분 등);오메가3;유산균;루테인, 지아잔틴 등 (눈 건강)",예,예,예,,,예 (1-1번으로 이동),피로회복을 위해;일상의 활력 충전을 위해,,예,예,예,예,예,아니오,3,3,3,3,3,3,제품의 표지 등에 표시된 제품 정보,3,3~4만원 미만,3,3,4,1,유튜브;네이버카페;온라인/모바일앱 커뮤니티 (네이버카페 외);TV시청;라디오 청취,"포털사이트 (구글, 네이버, 다음 등);네이버카페;TV시청",2,2,5,3,3,주 3~5회,규칙적인 운동;좋은 식습관;정기적인 건강검진,3,6~8시간,한달에 1~2회,하루에 1잔,아니오 (6번으로 이동),,있다,여자,50대,기혼,3~5인 가구,대학교 졸업,주부,월 700만원 이상,
2022/06/07 6:34:05 오후 GMT+9,예 (1-1번으로 이동),"종합비타민;비타민C;오메가3;유산균;루테인, 지아잔틴 등 (눈 건강)",예,아니오,아니오,내장기의 취약한부분에 좋다고하는 얘길들었을때 그부분의 영양제를 구매해볼생각을 합니다,똑같은상황에 놓여져 활동을 했을때 유난히 다른때와 다른 체력저하나 졸림 피부에 염증(헤르페스같우)이생겼을때 내가 피로하구나 생각합니다,예 (1-1번으로 이동),피로회복을 위해;질병의 예방 및 치료를 위해;건강 유지를 위해,효과가 없다;가격이 비싸다,예,예,아니오,아니오,아니오,아니오,4,4,3,4,5,1,제조사(상표) 신뢰도;원하는 성분과 그 함량;적정 가격,4,2~3만원 미만,5,4,3,4,네이버카페;TV시청,"포털사이트 (구글, 네이버, 다음 등)",5,4,3,4,3,한달 1~2회 정도,좋은 식습관;정기적인 건강검진,1,6~8시간,한달에 3~4회,하루에 1잔,아니오 (6번으로 이동),,있다,여자,50대,기혼,3~5인 가구,고졸이하,주부,월 500~600만원 미만,
2022/06/07 6:34:35 오후 GMT+9,예 (1-1번으로 이동),종합비타민,예,예,예,유전영향,근무이후ㆍ육아이후,예 (1-1번으로 이동),피로회복을 위해;질병의 예방 및 치료를 위해;건강 유지를 위해,,예,예,예,예,예,아니오,5,5,5,5,1,1,제품의 표지 등에 표시된 제품 정보;원하는 성분과 그 함량,3,2~3만원 미만,5,3,5,5,유튜브;인스타그램;네이버카페;온라인/모바일앱 커뮤니티 (네이버카페 외);TV시청;라디오 청취;신문/뉴스포털,"유튜브;인스타그램;포털사이트 (구글, 네이버, 다음 등);네이버카페;지식인;라디오 청취;신문/뉴스포털;지인",5,5,5,5,5,매일한다,"규칙적인 운동;좋은 식습관;규칙적인 생활;비타민, 무기질 등 영양제 섭취;정기적인 건강검진",3,6~8시간,전혀 마시지 않는다,하루에 1잔,아니오 (6번으로 이동),,있다,여자,40대,기혼,3~5인 가구,대학원,주부,월 400~500만원 미만,
2022/06/07 6:38:49 오후 GMT+9,예 (1-1번으로 이동),비타민D;유산균,예,아니오,아니오,평소에 잘 챙겨야한다고 생각합니다.,환절기 또는 업무스트레스,잘 모르겠음 (2번으로 이동),,,아니오,아니오,아니오,아니오,,,2,2,2,2,2,2,,,2~3만원 미만,,,,,유튜브,"포털사이트 (구글, 네이버, 다음 등)",4,2,3,3,2,주 1~2회,규칙적인 운동;좋은 식습관;규칙적인 생활,4,5~6시간,한달에 1~2회,하루에 2잔 이상,아니오 (6번으로 이동),,있다,남자,30대,미혼,3~5인 가구,대학교 졸업,사무직,월 200~300만원 미만,
2022/06/07 6:46:01 오후 GMT+9,예 (1-1번으로 이동),"비타민C;오메가3;유산균;루테인, 지아잔틴 등 (눈 건강)",예,예,예,나이가 들면서,아침에 자고 일어나서,예 (1-1번으로 이동),피로회복을 위해;피부 미용을 위해;건강 유지를 위해,,예,예,예,예,예,아니오,4,3,3,4,3,3,주변의 효과와 경험담 소개;적정 가격,3,3~4만원 미만,3,4,4,3,TV시청,TV시청;지인,3,3,3,3,3,주 1~2회,"비타민, 무기질 등 영양제 섭취",3,6~8시간,전혀 마시지 않는다,하루에 1잔,아니오 (6번으로 이동),,있다,여자,50대,기혼,3~5인 가구,고졸이하,프리랜서,월 100~200만원 미만,
2022/06/07 6:46:36 오후 GMT+9,예 (1-1번으로 이동),"종합비타민;오메가3;유산균;밀크씨슬, 우루사 등 (간 건강)",예,예,예,현 라이프에있어서 건강해야 경제활동  여가활동등 할수있어서,"과중한업무,정신적인 스트레스등,음주 후",예 (1-1번으로 이동),건강 유지를 위해,,아니오,아니오,예,예,예,아니오,5,5,5,5,5,1,효능효과,5,2~3만원 미만,5,4,4,2,유튜브;인스타그램;네이버카페;온라인/모바일앱 커뮤니티 (네이버카페 외);TV시청,"유튜브;인스타그램;포털사이트 (구글, 네이버, 다음 등);네이버카페;온라인/모바일앱 커뮤니티 (네이버카페 외);지인",5,5,5,5,4,주 1~2회,규칙적인 운동;좋은 식습관,4,6~8시간,한달에 3~4회,하루에 1잔,아니오 (6번으로 이동),,없다,여자,40대,기혼,3~5인 가구,고졸이하,사무직,월 200~300만원 미만,
2022/06/07 6:47:54 오후 GMT+9,예 (1-1번으로 이동),"종합비타민;비타민C;비타민B;무기질 (마그네슘, 칼슘, 철분 등);오메가3;유산균",예,예,예,주변사람들이 갑자기 아플때,수면시간이 충족하지않았을때,예 (1-1번으로 이동),피로회복을 위해;질병의 예방 및 치료를 위해;일상의 활력 충전을 위해;건강 유지를 위해,,예,아니오,아니오,예,예,예,4,3,3,3,5,5,"주변의 효과와 경험담 소개;적정 가격;제품의 형태(알약, 분말, 액상, 발포형)",4,2~3만원 미만,4,4,4,2,지식인;TV시청;신문/뉴스포털,"포털사이트 (구글, 네이버, 다음 등);TV시청;신문/뉴스포털;지인",4,4,4,4,4,주 3~5회,규칙적인 운동;좋은 식습관;규칙적인 생활,4,5~6시간,전혀 마시지 않는다,하루에 2잔 이상,아니오 (6번으로 이동),,없다,여자,40대,기혼,3~5인 가구,고졸이하,주부,월 600~700만원 미만,
2022/06/07 6:58:00 오후 GMT+9,아니오 (2번으로 이동),,예,아니오,아니오,술 마신 다음 날 숙취가 너무 오래갈 때,커피로 인해 각성 상태로 공부를 10시간 정도 하고 난 직후 집으로 돌아가는 길,아니오 (1-2번으로 이동),,계속해서 챙겨먹어야 함,아니오,아니오,아니오,아니오,아니오,아니오,2,2,2,2,4,4,"주변의 효과와 경험담 소개;원하는 성분과 그 함량;적정 가격;제품의 형태(알약, 분말, 액상, 발포형)",4,2~3만원 미만,4,4,3,3,유튜브;인스타그램;페이스북;TV시청;신문/뉴스포털,"유튜브;포털사이트 (구글, 네이버, 다음 등);신문/뉴스포털;지인",4,4,4,4,2,주 3~5회,규칙적인 운동;좋은 식습관;규칙적인 생활;정기적인 건강검진,4,6~8시간,한달에 3~4회,하루에 1잔,아니오 (6번으로 이동),,없다,남자,20대,미혼,6인 가구 이상,대학교 재학,학생,소득 없음,
2022/06/07 7:02:48 오후 GMT+9,예 (1-1번으로 이동),"종합비타민;비타민C;비타민D;비타민B;무기질 (마그네슘, 칼슘, 철분 등);오메가3;유산균;루테인, 지아잔틴 등 (눈 건강)",예,예,예,"아플때, 지인장례식장 조문",집안행사때 음식장만후,예 (1-1번으로 이동),피로회복을 위해;불규칙한 식사의 영양소 보충을 위해;질병의 예방 및 치료를 위해;일상의 활력 충전을 위해;피부 미용을 위해;의사/약사 등 전문가의 권유에 의해,,예,예,예,아니오,예,아니오,4,3,3,3,2,1,제조사(상표) 신뢰도;제품의 표지 등에 표시된 제품 정보;원하는 성분과 그 함량;적정 가격,2,2~3만원 미만,4,4,2,3,유튜브;네이버카페;온라인/모바일앱 커뮤니티 (네이버카페 외);지식인;TV시청;신문/뉴스포털,"유튜브;포털사이트 (구글, 네이버, 다음 등);네이버카페;온라인/모바일앱 커뮤니티 (네이버카페 외);지식인;TV시청;신문/뉴스포털;지인",4,3,4,4,4,거의 안한다,규칙적인 생활,3,6~8시간,일주일에 2~3회,하루에 1잔,아니오 (6번으로 이동),,없다,여자,50대,기혼,3~5인 가구,고졸이하,주부,월 500~600만원 미만,
2022/06/07 7:09:58 오후 GMT+9,예 (1-1번으로 이동),"종합비타민;비타민C;비타민D;비타민B;무기질 (마그네슘, 칼슘, 철분 등);오메가3;유산균;루테인, 지아잔틴 등 (눈 건강);밀크씨슬, 우루사 등 (간 건강)",예,예,예,피곤할때~ 배변활동 잘 안될때,무기력한기분이 들거나 자고일어낫을때 개운치않을때,예 (1-1번으로 이동),불규칙한 식사의 영양소 보충을 위해;건강 유지를 위해,,아니오,예,예,아니오,,아니오,4,5,5,3,1,1,"제품의 표지 등에 표시된 제품 정보;제품의 형태(알약, 분말, 액상, 발포형)",3,2~3만원 미만,5,5,5,1,인스타그램;네이버카페;온라인/모바일앱 커뮤니티 (네이버카페 외);TV시청;신문/뉴스포털,"포털사이트 (구글, 네이버, 다음 등);신문/뉴스포털;지인",5,5,5,5,4,주 1~2회,"좋은 식습관;비타민, 무기질 등 영양제 섭취;정기적인 건강검진",4,5~6시간,일주일에 2~3회,하루에 1잔,아니오 (6번으로 이동),,없다,여자,30대,기혼,2인 가구,전문대 졸,사무직,월 300~400만원 미만,
2022/06/07 7:17:05 오후 GMT+9,아니오 (2번으로 이동),,아니오,아니오,아니오,,수면을 충분히 못했을때,예 (1-1번으로 이동),피로회복을 위해;질병의 예방 및 치료를 위해;일상의 활력 충전을 위해;건강 유지를 위해,,아니오,아니오,예,아니오,,,5,4,4,4,1,1,"제조사(상표) 신뢰도;제품의 표지 등에 표시된 제품 정보;원하는 성분과 그 함량;적정 가격;제품의 형태(알약, 분말, 액상, 발포형);판매처(온라인, 약국, 건강기능식품 매장, 해외직구 등)",4,2~3만원 미만,4,5,3,1,페이스북;네이버카페;온라인/모바일앱 커뮤니티 (네이버카페 외);TV시청,"포털사이트 (구글, 네이버, 다음 등);온라인/모바일앱 커뮤니티 (네이버카페 외);TV시청;지인",4,4,4,4,5,주 1~2회,규칙적인 생활;정기적인 건강검진,3,5~6시간,한달에 1~2회,하루에 1잔,아니오 (6번으로 이동),,없다,여자,50대,기혼,3~5인 가구,고졸이하,주부,월 500~600만원 미만,
2022/06/07 7:17:58 오후 GMT+9,예 (1-1번으로 이동),"종합비타민;비타민C;비타민D;비타민B;무기질 (마그네슘, 칼슘, 철분 등);오메가3;유산균;루테인, 지아잔틴 등 (눈 건강)",예,예,예,체력이 떨어졌다고 느낄 때,출퇴근할 때,예 (1-1번으로 이동),피로회복을 위해;불규칙한 식사의 영양소 보충을 위해;질병의 예방 및 치료를 위해;일상의 활력 충전을 위해;건강 유지를 위해,,예,예,예,예,예,아니오,4,4,4,4,2,2,주변의 효과와 경험담 소개;제조사(상표) 신뢰도;적정 가격,4,2~3만원 미만,4,4,4,2,유튜브;인스타그램,유튜브;인스타그램,3,4,4,4,4,주 1~2회,"규칙적인 운동;좋은 식습관;규칙적인 생활;비타민, 무기질 등 영양제 섭취",4,6~8시간,한달에 3~4회,하루에 1잔,아니오 (6번으로 이동),,없다,여자,30대,미혼,3~5인 가구,대학교 졸업,사무직,월 200~300만원 미만,
2022/06/07 7:33:48 오후 GMT+9,예 (1-1번으로 이동),"종합비타민;비타민C;오메가3;루테인, 지아잔틴 등 (눈 건강)",예,아니오,아니오,아침에 일어났을 때 수명이 얼마남지 않았다는 것을 느낌,"기상 직후, 식사 후",예 (1-1번으로 이동),피로회복을 위해;불규칙한 식사의 영양소 보충을 위해;질병의 예방 및 치료를 위해;일상의 활력 충전을 위해,,예,아니오,예,예,예,아니오,5,3,5,5,5,1,주변의 효과와 경험담 소개;제품의 표지 등에 표시된 제품 정보,5,1~2만원 미만,3,3,3,3,유튜브;인스타그램,"유튜브;포털사이트 (구글, 네이버, 다음 등)",5,5,5,5,5,거의 안한다,"규칙적인 운동;비타민, 무기질 등 영양제 섭취",5,6~8시간,한달에 1~2회,하루에 2잔 이상,예 (5-1번으로 이동),30개비 이상,없다,남자,20대,미혼,3~5인 가구,대학교 졸업,개백수,월 100~200만원 미만,
2022/06/07 8:03:10 오후 GMT+9,예 (1-1번으로 이동),종합비타민;비타민C;비타민B;유산균,예,예,예,체력이 저하될때입니다,아침에 가뿐히 못일어날때입니다,예 (1-1번으로 이동),피로회복을 위해,,예,아니오,아니오,아니오,예,아니오,3,3,3,3,3,2,제품의 표지 등에 표시된 제품 정보;원하는 성분과 그 함량,3,3~4만원 미만,4,3,3,2,유튜브;TV시청,유튜브;TV시청,4,3,4,4,3,거의 안한다,좋은 식습관;규칙적인 생활,4,5~6시간,한달에 3~4회,하루에 1잔,예 (5-1번으로 이동),30개비 이상,없다,남자,50대,기혼,3~5인 가구,대학교 졸업,자영업,월 700만원 이상,
2022/06/07 8:12:16 오후 GMT+9,예 (1-1번으로 이동),"종합비타민;비타민C;비타민D;비타민B;오메가3;유산균;루테인, 지아잔틴 등 (눈 건강);밀크씨슬, 우루사 등 (간 건강)",예,예,예,피로회복이 안된다고 느꼈을 때,,예 (1-1번으로 이동),피로회복을 위해;일상의 활력 충전을 위해;건강 유지를 위해,,예,예,예,아니오,예,아니오,4,4,4,4,3,3,"원하는 성분과 그 함량;제품의 형태(알약, 분말, 액상, 발포형)",4,2~3만원 미만,4,4,4,3,인스타그램,"인스타그램;포털사이트 (구글, 네이버, 다음 등)",4,4,4,4,3,주 1~2회,"비타민, 무기질 등 영양제 섭취",4,5~6시간,일주일에 4~5회,하루에 2잔 이상,아니오 (6번으로 이동),,없다,여자,30대,미혼,3~5인 가구,대학원,전문직,월 100~200만원 미만,
2022/06/07 8:12:25 오후 GMT+9,예 (1-1번으로 이동),"비타민C;유산균;밀크씨슬, 우루사 등 (간 건강)",예,아니오,아니오,"잠을 자도 자도 졸릴 때, 개운하게 일어나지 못할 때, 깊은 숙면을 하지 못할 때
스트레스에 이전보다 더욱 예민해질 때
계단 오를 때 숨이 차는 상황
혓바늘이 날 때
생리 현상이 불규칙할 때","혓바늘이 날 때
피부에 여드름이 날 때",예 (1-1번으로 이동),피로회복을 위해;불규칙한 식사의 영양소 보충을 위해;건강 유지를 위해,,아니오,아니오,예,아니오,,,4,4,3,3,5,5,"주변의 효과와 경험담 소개;제품의 형태(알약, 분말, 액상, 발포형)",5,2~3만원 미만,4,4,1,2,유튜브;인스타그램,"유튜브;인스타그램;포털사이트 (구글, 네이버, 다음 등)",1,4,3,2,1,거의 안한다,"비타민, 무기질 등 영양제 섭취",2,6~8시간,전혀 마시지 않는다,하루에 2잔 이상,예 (5-1번으로 이동),,없다,여자,20대,미혼,3~5인 가구,대학원,사무직,월 300~400만원 미만,
2022/06/07 8:25:44 오후 GMT+9,예 (1-1번으로 이동),"비타민C;비타민D;무기질 (마그네슘, 칼슘, 철분 등);오메가3;유산균",예,아니오,아니오,등산이나 걷기,숙면이 부족할때,예 (1-1번으로 이동),건강 유지를 위해,부정적인 후기 때문에 우려가 된다,아니오,아니오,아니오,아니오,,,4,4,5,5,1,1,제조사(상표) 신뢰도,4,3~4만원 미만,5,5,5,2,유튜브;인스타그램;온라인/모바일앱 커뮤니티 (네이버카페 외);라디오 청취,"포털사이트 (구글, 네이버, 다음 등);지식인;TV시청;라디오 청취",4,2,3,4,4,주 1~2회,규칙적인 운동;규칙적인 생활;정기적인 건강검진,3,6~8시간,한달에 1~2회,한달에 1~3잔,아니오 (6번으로 이동),,없다,여자,50대,기혼,2인 가구,고졸이하,주부,월 300~400만원 미만,
2022/06/07 8:57:12 오후 GMT+9,예 (1-1번으로 이동),"종합비타민;무기질 (마그네슘, 칼슘, 철분 등);유산균",예,예,예,갑자기 피곤함이 많아질때,야근...?,예 (1-1번으로 이동),피로회복을 위해;일상의 활력 충전을 위해,,예,아니오,아니오,예,예,아니오,4,3,4,4,1,1,주변의 효과와 경험담 소개;실제 효과,4,2~3만원 미만,3,4,4,4,유튜브;인스타그램,인스타그램;지인,4,5,4,4,4,주 3~5회,규칙적인 운동;좋은 식습관,5,6~8시간,한달에 1~2회,한달에 1~3잔,아니오 (6번으로 이동),,없다,남자,20대,미혼,3~5인 가구,대학교 졸업,사무직,월 300~400만원 미만,
2022/06/07 9:11:07 오후 GMT+9,예 (1-1번으로 이동),"비타민C;무기질 (마그네슘, 칼슘, 철분 등);오메가3;유산균;루테인, 지아잔틴 등 (눈 건강)",예,아니오,아니오,피곤할 때요 ㅠㅠ 살려죠!,"수면이 부족할 때, 저녁 자리가 많을 때(?)",아니오 (1-2번으로 이동),,건강하기 때문에 필요성을 느끼지 못한다,아니오,아니오,아니오,아니오,아니오,아니오,2,2,2,2,5,4,주변의 효과와 경험담 소개;제조사(상표) 신뢰도;제품의 표지 등에 표시된 제품 정보;적정 가격,4,3~4만원 미만,5,4,4,5,유튜브;인스타그램;신문/뉴스포털,"인스타그램;포털사이트 (구글, 네이버, 다음 등)",2,2,4,4,4,주 1~2회,"규칙적인 운동;좋은 식습관;규칙적인 생활;비타민, 무기질 등 영양제 섭취",4,5~6시간,한달에 1~2회,하루에 1잔,아니오 (6번으로 이동),,없다,여자,20대,미혼,3~5인 가구,대학교 졸업,사무직,월 200~300만원 미만,
2022/06/07 9:15:05 오후 GMT+9,예 (1-1번으로 이동),"비타민C;비타민D;무기질 (마그네슘, 칼슘, 철분 등);오메가3;유산균;루테인, 지아잔틴 등 (눈 건강);밀크씨슬, 우루사 등 (간 건강)",예,아니오,예,"피로감이 예전보다 많아짐을 느낄때 밀크씨슬, 컴퓨터 보는 시간이 많아짐에 따라 루테인을 섭취하고 있습니다! 크릴오일도 좋다 하여 섭취하고 있습니다.","하루 업무가 많을때, 잠을 충분히 자지 못했을 때, 생활이 붉규칙할때 입니다",예 (1-1번으로 이동),피로회복을 위해;불규칙한 식사의 영양소 보충을 위해;건강 유지를 위해,,예,아니오,예,아니오,아니오,아니오,4,4,4,4,5,5,"제조사(상표) 신뢰도;제품의 표지 등에 표시된 제품 정보;원하는 성분과 그 함량;적정 가격;제품의 형태(알약, 분말, 액상, 발포형)",4,3~4만원 미만,4,4,2,2,유튜브;인스타그램;TV시청;신문/뉴스포털,"유튜브;포털사이트 (구글, 네이버, 다음 등)",4,4,4,4,4,한달 1~2회 정도,특별히 신경쓰지 않는다;시간 여유가 있을 시기(방학)에 운동을 다닙니다,3,6~8시간,한달에 3~4회,하루에 1잔,아니오 (6번으로 이동),,없다,여자,20대,미혼,3~5인 가구,대학원,학생,월 100만원 미만,
2022/06/07 9:18:45 오후 GMT+9,예 (1-1번으로 이동),"종합비타민;무기질 (마그네슘, 칼슘, 철분 등);오메가3;유산균",예,예,예,할일이 많아 잠이 부족할 때,잠이 부족할 때,예 (1-1번으로 이동),피로회복을 위해;일상의 활력 충전을 위해;건강 유지를 위해,,아니오,아니오,아니오,아니오,예,아니오,5,4,5,5,1,1,"주변의 효과와 경험담 소개;적정 가격;판매처(온라인, 약국, 건강기능식품 매장, 해외직구 등)",5,2~3만원 미만,5,4,2,5,유튜브;인스타그램,유튜브;인스타그램,5,5,5,5,5,주 1~2회,"규칙적인 운동;좋은 식습관;규칙적인 생활;비타민, 무기질 등 영양제 섭취;정기적인 건강검진",4,6~8시간,한달에 3~4회,하루에 1잔,아니오 (6번으로 이동),,없다,여자,20대,미혼,3~5인 가구,대학원,학생,소득 없음,
2022/06/07 9:22:11 오후 GMT+9,예 (1-1번으로 이동),종합비타민,예,예,예,노안을 앞두고.,책이나  스마트폰 많이 봤을때. 간절기. 건조한 겨울,예 (1-1번으로 이동),피로회복을 위해,,예,아니오,예,예,예,아니오,4,3,4,4,1,5,주변의 효과와 경험담 소개;제조사(상표) 신뢰도;제품의 표지 등에 표시된 제품 정보;적정 가격,3,3~4만원 미만,4,4,5,1,유튜브;인스타그램;네이버카페;지식인,"유튜브;인스타그램;포털사이트 (구글, 네이버, 다음 등);네이버카페",4,4,4,4,4,주 1~2회,규칙적인 운동;좋은 식습관;규칙적인 생활,4,6~8시간,전혀 마시지 않는다,한달에 1~3잔,아니오 (6번으로 이동),,없다,여자,40대,기혼,3~5인 가구,대학교 졸업,주부,월 700만원 이상,
2022/06/07 9:25:24 오후 GMT+9,예 (1-1번으로 이동),종합비타민;비타민B;오메가3;유산균,예,예,예,"피곤할때 , 남이 권유할때",퇴근하고 집에 왔을때,예 (1-1번으로 이동),불규칙한 식사의 영양소 보충을 위해;질병의 예방 및 치료를 위해;의사/약사 등 전문가의 권유에 의해,,아니오,아니오,아니오,예,아니오,아니오,4,4,4,5,1,1,주변의 효과와 경험담 소개;제조사(상표) 신뢰도;원하는 성분과 그 함량,5,2~3만원 미만,5,5,5,2,유튜브;인스타그램;트위터;신문/뉴스포털,"유튜브;포털사이트 (구글, 네이버, 다음 등);지인",5,5,5,5,5,주 1~2회,규칙적인 운동;좋은 식습관;규칙적인 생활,2,6~8시간,전혀 마시지 않는다,한달에 1~3잔,아니오 (6번으로 이동),,있다,여자,20대,미혼,1인 가구,대학원,사무직,월 300~400만원 미만,
2022/06/07 9:34:52 오후 GMT+9,예 (1-1번으로 이동),"종합비타민;비타민C;무기질 (마그네슘, 칼슘, 철분 등);오메가3;유산균;밀크씨슬, 우루사 등 (간 건강)",예,아니오,아니오,"아침에 피로할 때, 노는데 피곤할 때",평일 출근 길,잘 모르겠음 (2번으로 이동),,,예,아니오,아니오,아니오,아니오,아니오,3,2,3,3,4,4,주변의 효과와 경험담 소개;제조사(상표) 신뢰도,4,2~3만원 미만,5,4,3,3,유튜브;인스타그램;온라인/모바일앱 커뮤니티 (네이버카페 외),"유튜브;인스타그램;포털사이트 (구글, 네이버, 다음 등);온라인/모바일앱 커뮤니티 (네이버카페 외);신문/뉴스포털;지인",4,4,4,3,4,주 1~2회,특별히 신경쓰지 않는다,2,5~6시간,한달에 3~4회,하루에 1잔,아니오 (6번으로 이동),,없다,여자,20대,미혼,3~5인 가구,대학교 졸업,사무직,월 200~300만원 미만,
2022/06/07 10:31:14 오후 GMT+9,예 (1-1번으로 이동),비타민C;오메가3;유산균,예,아니오,아니오,몸이 늘 피로를 느껴서,아침에 일어날 때,잘 모르겠음 (2번으로 이동),,,아니오,아니오,아니오,아니오,,,4,3,2,2,4,4,주변의 효과와 경험담 소개;원하는 성분과 그 함량,4,3~4만원 미만,2,4,2,4,유튜브;인스타그램;페이스북,"유튜브;포털사이트 (구글, 네이버, 다음 등);지식인;신문/뉴스포털;지인",2,2,4,4,2,주 3~5회,"규칙적인 운동;좋은 식습관;비타민, 무기질 등 영양제 섭취",4,6~8시간,한달에 1~2회,하루에 1잔,아니오 (6번으로 이동),,없다,여자,30대,미혼,1인 가구,대학원,사무직,월 200~300만원 미만,
2022/06/07 10:36:30 오후 GMT+9,예 (1-1번으로 이동),"종합비타민;비타민D;밀크씨슬, 우루사 등 (간 건강)",예,아니오,아니오,아침에 눈이 안떠질때,"아침에, 식곤증 올 때",예 (1-1번으로 이동),피로회복을 위해,,아니오,아니오,아니오,아니오,,,4,4,4,4,4,4,"주변의 효과와 경험담 소개;제조사(상표) 신뢰도;제품의 형태(알약, 분말, 액상, 발포형)",5,3~4만원 미만,5,5,4,2,유튜브;인스타그램;TV시청,유튜브;인스타그램;네이버카페;지인,5,5,4,4,4,한달 1~2회 정도,규칙적인 운동,2,6~8시간,일주일에 2~3회,일주일에 1~3잔,아니오 (6번으로 이동),,없다,여자,20대,미혼,3~5인 가구,대학원,학생,소득 없음,
2022/06/07 10:50:54 오후 GMT+9,예 (1-1번으로 이동),"종합비타민;비타민C;비타민D;비타민B;무기질 (마그네슘, 칼슘, 철분 등);오메가3;유산균",예,아니오,아니오,네,아침에 일어날 때,예 (1-1번으로 이동),불규칙한 식사의 영양소 보충을 위해;건강 유지를 위해,,예,아니오,아니오,아니오,예,아니오,2,2,2,3,5,5,원하는 성분과 그 함량,3,2~3만원 미만,3,5,3,3,유튜브;인스타그램;트위터;네이버카페;TV시청;신문/뉴스포털,"유튜브;포털사이트 (구글, 네이버, 다음 등);신문/뉴스포털",5,5,5,5,5,주 1~2회,규칙적인 운동,1,6~8시간,일주일에 2~3회,하루에 2잔 이상,아니오 (6번으로 이동),,있다,여자,30대,미혼,3~5인 가구,대학원,학생,소득 없음,
2022/06/07 11:04:21 오후 GMT+9,예 (1-1번으로 이동),"종합비타민;비타민C;비타민D;비타민B;무기질 (마그네슘, 칼슘, 철분 등);오메가3;유산균;루테인, 지아잔틴 등 (눈 건강);밀크씨슬, 우루사 등 (간 건강)",예,예,아니오,잦은 술자리를 즐기는 생활이 오랫동안 이어져 몸이 안 좋아짐을 느낄때,어느 상황에 정확히 피로하진 않지만 숙취 해소에 걸리는 시간이 늘어났고 그 시간이 가장 피곤함,예 (1-1번으로 이동),피로회복을 위해;일상의 활력 충전을 위해;건강 유지를 위해,,예,아니오,예,아니오,,아니오,4,2,4,3,5,3,주변의 효과와 경험담 소개;제조사(상표) 신뢰도;원하는 성분과 그 함량;적정 가격,4,2~3만원 미만,3,5,4,4,유튜브;인스타그램;페이스북;TV시청;신문/뉴스포털,"유튜브;인스타그램;포털사이트 (구글, 네이버, 다음 등);지식인;지인",5,5,5,4,4,주 1~2회,"특별히 신경쓰지 않는다;비타민, 무기질 등 영양제 섭취",2,5~6시간,일주일에 4~5회,하루에 1잔,아니오 (6번으로 이동),,없다,남자,20대,미혼,3~5인 가구,대학교 재학,학생,소득 없음,
2022/06/07 11:14:52 오후 GMT+9,예 (1-1번으로 이동),종합비타민;비타민C;비타민D;비타민B;오메가3,예,예,예,영양제를 먹은날과 안먹은날 체력 차이를 느낄때,음주 다음날,예 (1-1번으로 이동),피로회복을 위해;일상의 활력 충전을 위해;피부 미용을 위해;건강 유지를 위해,,예,예,아니오,예,예,아니오,5,5,5,5,3,3,주변의 효과와 경험담 소개;제조사(상표) 신뢰도;제품의 표지 등에 표시된 제품 정보;원하는 성분과 그 함량,3,3~4만원 미만,5,4,5,5,유튜브;인스타그램;페이스북;네이버카페;TV시청;신문/뉴스포털,"유튜브;인스타그램;페이스북;포털사이트 (구글, 네이버, 다음 등);네이버카페;신문/뉴스포털;지인",5,5,5,5,5,주 1~2회,"규칙적인 운동;좋은 식습관;비타민, 무기질 등 영양제 섭취",5,6~8시간,일주일에 2~3회,한달에 1~3잔,아니오 (6번으로 이동),,없다,여자,20대,미혼,3~5인 가구,대학교 졸업,사무직,월 200~300만원 미만,
2022/06/07 11:34:32 오후 GMT+9,예 (1-1번으로 이동),종합비타민;유산균,예,아니오,아니오,예전에 비해 몸이 아플 때 ,잠을 늦게 잤을 때 ,아니오 (1-2번으로 이동),,고려해 본 적이 없어서.,아니오,아니오,아니오,아니오,,,,,,,,,,,,,,,,인스타그램;트위터;TV시청,"유튜브;트위터;포털사이트 (구글, 네이버, 다음 등);지식인",4,4,4,4,2,주 3~5회,규칙적인 운동;좋은 식습관,2,6~8시간,한달에 1~2회,한달에 1~3잔,금연중 (6번으로 이동),,없다,여자,30대,미혼,3~5인 가구,대학교 졸업,프리랜서,,
2022/06/07 11:37:04 오후 GMT+9,예 (1-1번으로 이동),"비타민C;무기질 (마그네슘, 칼슘, 철분 등);오메가3;유산균;루테인, 지아잔틴 등 (눈 건강)",아니오,예,예,전보다 피곤함을 느끼는데 휴식으로 쉽게 회복되지 않을 때 ,장기간 수면시간이 적게 공부/업무 등 과로가 지속될 때 ,예 (1-1번으로 이동),일상의 활력 충전을 위해;피부 미용을 위해;건강 유지를 위해,,예,예,예,아니오,예,아니오,4,3,4,4,3,2,제조사(상표) 신뢰도;원하는 성분과 그 함량;적정 가격,3,2~3만원 미만,4,4,4,3,유튜브;인스타그램;페이스북,"유튜브;인스타그램;포털사이트 (구글, 네이버, 다음 등)",4,4,4,3,3,한달 1~2회 정도,좋은 식습관;규칙적인 생활,3,5시간 미만,전혀 마시지 않는다,한달에 1~3잔,아니오 (6번으로 이동),,있다,여자,30대,미혼,3~5인 가구,대학교 졸업,사무직,월 200~300만원 미만,
2022/06/07 11:42:06 오후 GMT+9,예 (1-1번으로 이동),"종합비타민;비타민C;비타민D;무기질 (마그네슘, 칼슘, 철분 등);오메가3;유산균;루테인, 지아잔틴 등 (눈 건강)",예,아니오,아니오,건강검진 결과,일 마치고 진이 빠질 때,예 (1-1번으로 이동),피로회복을 위해;일상의 활력 충전을 위해,,예,아니오,예,아니오,,,3,3,3,3,1,4,"제조사(상표) 신뢰도;원하는 성분과 그 함량;적정 가격;제품의 형태(알약, 분말, 액상, 발포형)",4,2~3만원 미만,5,4,4,1,유튜브;페이스북;TV시청;신문/뉴스포털,"유튜브;포털사이트 (구글, 네이버, 다음 등);TV시청",5,4,5,4,4,주 1~2회,"규칙적인 운동;좋은 식습관;비타민, 무기질 등 영양제 섭취;정기적인 건강검진",4,6~8시간,한달에 1~2회,일주일에 1~3잔,아니오 (6번으로 이동),,없다,여자,60대 이상,기혼,3~5인 가구,대학원,주부,월 700만원 이상,
2022/06/08 12:00:35 오전 GMT+9,예 (1-1번으로 이동),종합비타민,예,아니오,아니오,몸이 힘들고 피로가 확실히 느껴질 때,일 끝내고 집갈때,예 (1-1번으로 이동),피로회복을 위해;일상의 활력 충전을 위해,,예,아니오,아니오,아니오,아니오,,3,3,4,4,4,3,원하는 성분과 그 함량,3,2~3만원 미만,5,4,3,4,유튜브;인스타그램;네이버카페,"유튜브;포털사이트 (구글, 네이버, 다음 등);네이버카페;온라인/모바일앱 커뮤니티 (네이버카페 외);지식인;TV시청;신문/뉴스포털;지인",5,4,3,3,5,거의 안한다,좋은 식습관;규칙적인 생활,3,5~6시간,전혀 마시지 않는다,하루에 1잔,아니오 (6번으로 이동),,없다,남자,20대,미혼,3~5인 가구,대학교 재학,사무직,월 400~500만원 미만,
2022/06/08 3:06:23 오전 GMT+9,예 (1-1번으로 이동),"종합비타민;비타민C;오메가3;루테인, 지아잔틴 등 (눈 건강);밀크씨슬, 우루사 등 (간 건강)",예,예,예,피곤함을 느낄 때입니다,비타민 C가 부족할 때입니다,아니오 (1-2번으로 이동),,균형잡힌 식생활 만으로 충분하다,예,예,아니오,아니오,아니오,아니오,3,3,2,2,4,3,제조사(상표) 신뢰도;제품의 표지 등에 표시된 제품 정보;원하는 성분과 그 함량;적정 가격,5,1~2만원 미만,4,3,4,4,유튜브;TV시청;신문/뉴스포털,"유튜브;포털사이트 (구글, 네이버, 다음 등)",5,5,4,4,4,매일한다,규칙적인 운동;규칙적인 생활,4,5시간 미만,한달에 3~4회,하루에 2잔 이상,아니오 (6번으로 이동),,없다,남자,50대,기혼,3~5인 가구,대학교 졸업,프리랜서,월 300~400만원 미만,
2022/06/08 7:46:59 오전 GMT+9,예 (1-1번으로 이동),비타민C;오메가3;유산균,예,예,아니오,업무 후 퇴근했을 때,,잘 모르겠음 (2번으로 이동),피로회복을 위해;건강 유지를 위해,,예,아니오,예,아니오,아니오,아니오,2,2,2,2,5,1,주변의 효과와 경험담 소개;제조사(상표) 신뢰도;적정 가격,4,2~3만원 미만,4,4,2,1,유튜브;인스타그램;TV시청,유튜브;인스타그램;지식인,4,4,4,4,3,한달 1~2회 정도,규칙적인 운동;좋은 식습관,3,6~8시간,한달에 3~4회,하루에 1잔,아니오 (6번으로 이동),,없다,남자,20대,미혼,1인 가구,대학교 졸업,사무직,월 200~300만원 미만,
2022/06/08 8:13:53 오전 GMT+9,예 (1-1번으로 이동),"종합비타민;오메가3;유산균;루테인, 지아잔틴 등 (눈 건강)",예,예,예,잠을 자고 쉬어도 피곤할 때(피로감 지속),술마신 다음 날,예 (1-1번으로 이동),피로회복을 위해;건강 유지를 위해,,예,아니오,예,아니오,아니오,아니오,3,3,3,3,3,4,주변의 효과와 경험담 소개;제조사(상표) 신뢰도;원하는 성분과 그 함량;적정 가격,4,3~4만원 미만,4,4,4,4,유튜브;인스타그램,"유튜브;인스타그램;포털사이트 (구글, 네이버, 다음 등)",4,4,4,4,4,주 1~2회,규칙적인 운동;규칙적인 생활,4,6~8시간,일주일에 2~3회,하루에 1잔,아니오 (6번으로 이동),,없다,여자,30대,미혼,1인 가구,대학교 졸업,사무직,월 300~400만원 미만,
2022/06/08 8:33:47 오전 GMT+9,예 (1-1번으로 이동),"종합비타민;비타민C;비타민D;비타민B;무기질 (마그네슘, 칼슘, 철분 등);오메가3;유산균;루테인, 지아잔틴 등 (눈 건강);밀크씨슬, 우루사 등 (간 건강)",예,예,예,아침에 일어나는 게 피곤할 때,시험기간…^^ㅠㅠ,예 (1-1번으로 이동),피로회복을 위해;불규칙한 식사의 영양소 보충을 위해;일상의 활력 충전을 위해;건강 유지를 위해;가족/친척/지인의 권유에 의해,,예,예,아니오,예,예,아니오,4,4,4,5,3,1,제품의 표지 등에 표시된 제품 정보;원하는 성분과 그 함량;적정 가격,5,2~3만원 미만,5,1,3,2,인스타그램;신문/뉴스포털,"유튜브;트위터;포털사이트 (구글, 네이버, 다음 등);신문/뉴스포털;지인",5,5,5,4,4,주 3~5회,"규칙적인 운동;좋은 식습관;비타민, 무기질 등 영양제 섭취;정기적인 건강검진",4,6~8시간,일주일에 4~5회,하루에 2잔 이상,아니오 (6번으로 이동),,있다,여자,20대,미혼,1인 가구,대학원,학생,월 100~200만원 미만,
2022/06/08 8:52:17 오전 GMT+9,예 (1-1번으로 이동),"종합비타민;비타민C;비타민D;오메가3;유산균;밀크씨슬, 우루사 등 (간 건강)",아니오,아니오,아니오,,,예 (1-1번으로 이동),건강 유지를 위해,,예,아니오,예,아니오,,,4,4,4,4,,1,주변의 효과와 경험담 소개;적정 가격,4,2~3만원 미만,4,4,3,1,유튜브;페이스북;트위터,"유튜브;페이스북;트위터;포털사이트 (구글, 네이버, 다음 등)",4,4,5,5,3,주 3~5회,규칙적인 운동,3,6~8시간,일주일에 2~3회,전혀 마시지 않는다,아니오 (6번으로 이동),,있다,남자,50대,기혼,3~5인 가구,대학교 졸업,사무직,월 500~600만원 미만,
2022/06/08 10:07:54 오전 GMT+9,예 (1-1번으로 이동),종합비타민;비타민C;오메가3;유산균,예,예,아니오,음주 후,골치아픈 문제 발생 및 해결시,예 (1-1번으로 이동),피로회복을 위해;건강 유지를 위해,,아니오,아니오,아니오,아니오,아니오,아니오,2,2,2,2,5,1,주변의 효과와 경험담 소개,5,1~2만원 미만,5,4,3,4,유튜브;온라인/모바일앱 커뮤니티 (네이버카페 외),"유튜브;포털사이트 (구글, 네이버, 다음 등)",2,2,4,3,3,거의 안한다,정기적인 건강검진,3,6~8시간,일주일에 2~3회,하루에 1잔,아니오 (6번으로 이동),,있다,여자,40대,기혼,3~5인 가구,고졸이하,사무직,월 500~600만원 미만,
2022/06/08 11:40:21 오전 GMT+9,예 (1-1번으로 이동),종합비타민;비타민C,예,아니오,아니오,피곤해서 ,아침에 일찍 일어나서 ,예 (1-1번으로 이동),피로회복을 위해,가격이 비싸다,아니오,아니오,아니오,아니오,아니오,아니오,4,3,3,3,3,3,주변의 효과와 경험담 소개,3,2~3만원 미만,3,2,3,2,유튜브;온라인/모바일앱 커뮤니티 (네이버카페 외),"유튜브;포털사이트 (구글, 네이버, 다음 등)",3,3,3,3,3,매일한다,규칙적인 운동,4,8시간 초과,일주일에 2~3회,하루에 1잔,아니오 (6번으로 이동),5개비 미만,없다,남자,50대,기혼,3~5인 가구,대학교 졸업,자영업,월 700만원 이상,
2022/06/08 5:17:19 오후 GMT+9,아니오 (2번으로 이동),,아니오,아니오,아니오,,,예 (1-1번으로 이동),피로회복을 위해,가격이 비싸다,아니오,아니오,아니오,아니오,아니오,아니오,4,5,4,4,4,4,주변의 효과와 경험담 소개;제조사(상표) 신뢰도;적정 가격,4,3~4만원 미만,4,4,4,4,유튜브;인스타그램;네이버카페,"유튜브;인스타그램;페이스북;포털사이트 (구글, 네이버, 다음 등);네이버카페",4,4,4,4,4,주 1~2회,규칙적인 운동;좋은 식습관;규칙적인 생활,4,5~6시간,일주일에 2~3회,하루에 1잔,예 (5-1번으로 이동),5개비 미만,없다,남자,30대,미혼,,대학원,사무직,월 300~400만원 미만,
2022/06/09 12:18:15 오후 GMT+9,예 (1-1번으로 이동),"종합비타민;비타민C;비타민D;무기질 (마그네슘, 칼슘, 철분 등);오메가3;유산균;루테인, 지아잔틴 등 (눈 건강)",아니오,아니오,아니오,"몸과 눈의 피로, 건강검진 소견서",,잘 모르겠음 (2번으로 이동),,,예,아니오,아니오,아니오,,,3,4,3,3,5,4,"제조사(상표) 신뢰도;제품의 표지 등에 표시된 제품 정보;원하는 성분과 그 함량;적정 가격;제품의 형태(알약, 분말, 액상, 발포형)",4,2~3만원 미만,4,4,2,4,유튜브;온라인/모바일앱 커뮤니티 (네이버카페 외);TV시청;신문/뉴스포털,"유튜브;포털사이트 (구글, 네이버, 다음 등);온라인/모바일앱 커뮤니티 (네이버카페 외);신문/뉴스포털",4,5,5,3,3,주 1~2회,규칙적인 운동,3,6~8시간,한달에 3~4회,일주일에 1~3잔,아니오 (6번으로 이동),,없다,여자,20대,미혼,3~5인 가구,대학교 졸업,취업준비생,소득 없음,
2022/06/09 12:55:23 오후 GMT+9,예 (1-1번으로 이동),"종합비타민;무기질 (마그네슘, 칼슘, 철분 등);오메가3;유산균",예,아니오,아니오,체력이 예전같지 않을때,"잠을 잘 못자거나 할일이 너무 많아서 스트레스
받을때",예 (1-1번으로 이동),피로회복을 위해;질병의 예방 및 치료를 위해;일상의 활력 충전을 위해;건강 유지를 위해,,예,아니오,예,아니오,,,4,3,4,4,2,1,주변의 효과와 경험담 소개;제조사(상표) 신뢰도;원하는 성분과 그 함량,4,3~4만원 미만,5,4,4,2,유튜브;인스타그램;신문/뉴스포털,"유튜브;포털사이트 (구글, 네이버, 다음 등);지인",4,4,5,3,2,주 1~2회,"규칙적인 운동;비타민, 무기질 등 영양제 섭취;정기적인 건강검진",2,6~8시간,전혀 마시지 않는다,전혀 마시지 않는다,아니오 (6번으로 이동),,없다,여자,20대,미혼,3~5인 가구,대학원,학생,월 700만원 이상,
2022/06/09 6:42:53 오후 GMT+9,예 (1-1번으로 이동),"종합비타민;비타민C;무기질 (마그네슘, 칼슘, 철분 등);오메가3;유산균;밀크씨슬, 우루사 등 (간 건강)",예,아니오,아니오,자도자도 피곤할때,자도자도 피곤할때,아니오 (1-2번으로 이동),,건강하기 때문에 필요성을 느끼지 못한다,예,아니오,아니오,아니오,예,아니오,1,1,1,4,4,3,주변의 효과와 경험담 소개;제조사(상표) 신뢰도;적정 가격,5,1~2만원 미만,5,5,5,1,유튜브;인스타그램;페이스북,유튜브;인스타그램;페이스북,3,5,4,4,4,주 1~2회,"규칙적인 운동;좋은 식습관;규칙적인 생활;비타민, 무기질 등 영양제 섭취",4,6~8시간,한달에 1~2회,한달에 1~3잔,아니오 (6번으로 이동),,있다,남자,20대,미혼,3~5인 가구,대학교 재학,학생,소득 없음,
2022/06/17 6:25:52 오후 GMT+9,예 (1-1번으로 이동),"비타민C;비타민D;오메가3;루테인, 지아잔틴 등 (눈 건강);밀크씨슬, 우루사 등 (간 건강)",예,예,아니오,,,예 (1-1번으로 이동),피로회복을 위해,,예,예,예,아니오,예,아니오,4,4,4,4,5,1,주변의 효과와 경험담 소개;제조사(상표) 신뢰도,3,3~4만원 미만,4,5,4,3,유튜브;페이스북;온라인/모바일앱 커뮤니티 (네이버카페 외);TV시청,"유튜브;포털사이트 (구글, 네이버, 다음 등);온라인/모바일앱 커뮤니티 (네이버카페 외);TV시청",4,4,4,4,3,한달 1~2회 정도,좋은 식습관;정기적인 건강검진,3,5~6시간,일주일에 2~3회,하루에 2잔 이상,아니오 (6번으로 이동),,없다,남자,50대,기혼,3~5인 가구,고졸이하,사무직,월 700만원 이상,
2022/06/18 1:57:37 오후 GMT+9,예 (1-1번으로 이동),"종합비타민;비타민C;비타민D;비타민B;무기질 (마그네슘, 칼슘, 철분 등);오메가3;유산균",예,예,아니오,체력이 많이 떨어지고 피로 할때,깊은 잠을 못자고  수면이 부족할때,예 (1-1번으로 이동),피로회복을 위해;불규칙한 식사의 영양소 보충을 위해;질병의 예방 및 치료를 위해;건강 유지를 위해,,예,아니오,예,아니오,예,아니오,5,5,4,4,1,5,"원하는 성분과 그 함량;판매처(온라인, 약국, 건강기능식품 매장, 해외직구 등)",5,2~3만원 미만,5,3,3,5,유튜브;TV시청,유튜브;TV시청;지인,4,4,4,3,3,거의 안한다,"비타민, 무기질 등 영양제 섭취",4,5시간 미만,전혀 마시지 않는다,하루에 1잔,아니오 (6번으로 이동),,없다,여자,60대 이상,기혼,6인 가구 이상,고졸이하,주부,월 400~500만원 미만,
2022/06/19 8:29:46 오후 GMT+9,예 (1-1번으로 이동),종합비타민;비타민C;비타민D;오메가3;유산균,예,아니오,아니오,"몸살 났을 때, 건강검진 받을 때","퇴근 후 약속 간 다음날, 하루에 약속 두개 갈 때, 7일 이상 일 할 때",예 (1-1번으로 이동),피로회복을 위해;불규칙한 식사의 영양소 보충을 위해;질병의 예방 및 치료를 위해;일상의 활력 충전을 위해;피부 미용을 위해;건강 유지를 위해,,아니오,아니오,예,아니오,,,4,4,4,4,5,5,"제품의 표지 등에 표시된 제품 정보;원하는 성분과 그 함량;적정 가격;제품의 형태(알약, 분말, 액상, 발포형);판매처(온라인, 약국, 건강기능식품 매장, 해외직구 등)",4,2~3만원 미만,4,4,2,5,유튜브;인스타그램,"유튜브;포털사이트 (구글, 네이버, 다음 등)",5,5,5,5,3,주 1~2회,규칙적인 운동;좋은 식습관,4,5~6시간,한달에 1~2회,하루에 1잔,아니오 (6번으로 이동),,없다,남자,20대,미혼,3~5인 가구,대학교 졸업,사무직,월 100~200만원 미만,